,Alter,Geschlecht,Postleitzahl,Bezahlungsmethode,Letzte Transaktion,Stornierungsdatum
0,64,männlich,49278,Kreditkarte,2012-04-17 11:05:39.643,2013-01-25 03:27:13.000
1,49,weiblich,52245,Kreditkarte,2011-02-18 19:22:00.298,2012-07-03 15:13:43.000
2,24,weiblich,56625,Bar,2011-01-22 12:19:02.579,2011-03-01 08:50:54.000
3,45,männlich,50003,Kreditkarte,2013-02-12 06:16:18.185,
4,45,männlich,37852,Kreditkarte,2011-02-06 20:31:18.631,
5,66,weiblich,66713,Bar,2011-03-10 08:04:47.819,2011-04-19 13:27:33.000
6,82,weiblich,70052,Bar,2010-10-10 19:29:02.603,2010-12-18 00:21:46.000
7,35,weiblich,44272,Kreditkarte,2010-10-14 16:48:11.499,
8,17,weiblich,71962,Kreditkarte,2011-08-15 01:40:26.113,
9,52,männlich,30942,Bar,2010-06-23 12:58:56.376,2011-05-07 00:12:32.000
10,49,weiblich,45355,Kreditkarte,2010-08-31 09:27:10.423,2011-04-22 10:00:16.000
11,33,weiblich,59736,Kreditkarte,2010-06-16 16:45:22.399,2010-12-12 07:08:15.000
12,40,männlich,27323,Kreditkarte,2012-01-25 21:02:22.944,2012-11-22 23:59:01.000
13,53,weiblich,44466,Kreditkarte,2010-07-31 05:28:49.278,2010-10-25 08:17:27.000
14,64,weiblich,62985,Kreditkarte,2011-08-15 11:23:26.349,2011-08-29 16:58:32.558
15,42,weiblich,48487,Kreditkarte,2010-10-24 17:39:00.536,2011-05-24 13:48:17.000
16,66,männlich,25067,Bar,2010-12-10 04:08:47.913,2011-10-01 15:20:25.000
17,84,weiblich,51008,Bar,2010-06-06 12:53:50.819,
18,34,männlich,46682,Check,2012-05-01 03:42:55.739,
19,46,männlich,79587,Kreditkarte,2012-07-07 18:39:42.251,
20,71,weiblich,72496,Kreditkarte,2013-08-25 06:22:32.613,2014-01-06 15:35:38.975
21,68,männlich,63472,Bar,2010-09-27 18:16:16.549,2011-02-23 13:12:40.000
22,18,weiblich,38676,Bar,2010-11-06 08:20:24.104,2012-01-28 01:24:35.604
23,49,weiblich,65683,Bar,2010-07-25 09:31:48.076,2013-10-16 23:06:35.082
24,23,weiblich,57636,Kreditkarte,2011-11-25 19:05:30.068,
25,38,männlich,83490,Kreditkarte,2011-08-28 11:49:34.710,
26,65,weiblich,58302,Bar,2010-08-04 09:14:01.995,2010-11-08 12:44:00.696
27,22,weiblich,80454,Kreditkarte,2012-10-12 11:34:55.888,
28,21,männlich,29058,Kreditkarte,2012-06-16 17:17:19.037,
29,37,weiblich,30136,Kreditkarte,2011-01-25 16:17:03.529,2013-07-21 04:13:17.392
30,70,weiblich,48672,Kreditkarte,2011-03-28 03:43:17.881,2013-09-30 22:42:06.181
31,81,männlich,84951,Bar,2011-03-31 09:13:57.031,2011-12-10 00:30:49.037
32,47,weiblich,35583,Kreditkarte,2010-02-20 15:26:45.845,2011-05-09 03:49:34.749
33,55,männlich,37760,Bar,2011-10-05 07:23:30.995,2012-08-26 12:41:10.646
34,42,männlich,42266,Kreditkarte,2012-07-27 07:38:34.941,
35,38,männlich,32539,Kreditkarte,2011-12-26 17:03:12.425,
36,60,weiblich,40686,Kreditkarte,2011-06-12 17:42:59.368,
37,68,männlich,9012,Kreditkarte,2012-01-06 12:52:34.801,
38,22,männlich,65565,Kreditkarte,2012-06-24 01:43:48.475,
39,63,männlich,35673,Bar,2011-02-05 03:10:59.735,2012-07-21 05:56:14.967
40,60,männlich,34749,Bar,2010-07-01 06:13:02.900,2013-10-08 22:42:59.830
41,25,männlich,40004,Kreditkarte,2012-05-05 22:22:04.498,2014-03-14 20:49:59.135
42,84,männlich,65793,Kreditkarte,2011-01-14 03:19:31.433,
43,53,männlich,53547,Kreditkarte,2011-12-01 06:38:08.189,2012-11-18 17:27:37.857
44,47,weiblich,29907,Check,2010-02-10 23:00:22.262,2012-04-07 12:09:19.312
45,54,weiblich,48625,Check,2011-05-18 07:31:48.861,2012-04-10 02:36:58.521
46,52,männlich,74629,Kreditkarte,2011-08-24 21:28:18.080,2012-10-08 14:44:48.616
47,25,männlich,49684,Kreditkarte,2012-05-30 13:26:01.429,
48,52,männlich,52416,Kreditkarte,2012-09-02 00:30:19.032,
49,47,männlich,45863,Bar,2011-01-20 08:29:53.358,2013-07-02 09:37:39.614
50,47,weiblich,47851,Bar,2011-06-15 20:57:15.496,
51,33,weiblich,33745,Kreditkarte,2013-08-05 22:00:26.379,
52,74,männlich,25257,Kreditkarte,2010-06-07 08:15:47.873,2013-12-02 11:31:48.623
53,35,männlich,75835,Kreditkarte,2012-11-01 19:47:36.290,
54,35,weiblich,60335,Kreditkarte,2011-03-28 03:55:16.070,
55,52,weiblich,37653,Bar,2010-04-11 18:34:30.702,
56,20,männlich,49706,Kreditkarte,2011-09-14 22:08:05.528,
57,50,männlich,53661,Kreditkarte,2011-12-07 21:23:48.669,
58,38,männlich,69511,Check,2010-05-08 02:38:55.206,
59,66,männlich,51239,Kreditkarte,2012-07-01 08:27:16.820,
60,19,männlich,55284,Kreditkarte,2013-03-14 03:12:51.123,
61,42,männlich,59370,Kreditkarte,2011-12-22 09:40:31.783,
62,35,weiblich,79081,Kreditkarte,2010-11-01 22:53:46.020,2013-01-23 16:01:52.706
63,86,weiblich,55102,Kreditkarte,2011-02-12 00:47:19.068,2013-08-29 22:18:08.955
64,27,weiblich,89596,Kreditkarte,2012-09-25 04:26:33.965,
65,34,männlich,67840,Kreditkarte,2011-11-08 20:58:39.146,2013-07-24 09:55:38.777
66,64,weiblich,46124,Kreditkarte,2010-09-06 13:40:49.292,2011-07-27 02:12:53.284
67,63,männlich,39515,Kreditkarte,2012-03-17 06:08:11.606,
68,58,weiblich,24790,Kreditkarte,2010-10-16 20:24:41.868,2012-04-11 17:51:39.390
69,63,männlich,57315,Kreditkarte,2012-05-29 10:15:02.706,
70,31,männlich,81311,Kreditkarte,2011-11-26 01:40:01.677,
71,36,weiblich,61340,Kreditkarte,2010-04-05 23:05:24.760,2012-01-12 05:39:14.515
72,58,weiblich,47947,Bar,2009-11-27 17:10:49.820,2011-10-08 14:43:07.650
73,21,männlich,80240,Bar,2013-01-29 17:33:55.478,2013-12-15 19:41:37.759
74,27,weiblich,33868,Kreditkarte,2012-02-10 10:30:47.469,
75,45,weiblich,50130,Kreditkarte,2011-04-15 08:22:31.499,2011-05-19 21:04:21.047
76,51,männlich,47777,Kreditkarte,2012-01-16 02:42:03.442,
77,42,männlich,43825,Kreditkarte,2012-01-03 20:04:35.235,2012-02-15 21:10:44.020
78,67,weiblich,68312,Kreditkarte,2013-08-22 19:45:22.338,2014-03-24 12:41:25.184
79,55,weiblich,18610,Bar,2010-11-27 10:04:33.217,
80,23,weiblich,20916,Kreditkarte,2011-10-21 23:29:15.271,2013-12-05 14:02:56.982
81,36,männlich,87373,Kreditkarte,2012-04-22 03:29:42.930,
82,89,weiblich,66162,Bar,2012-12-15 20:52:36.528,2013-06-23 20:33:04.250
83,64,männlich,86630,Bar,2011-03-10 08:55:06.715,2012-02-17 04:39:28.569
84,72,männlich,56279,Kreditkarte,2012-04-16 15:13:52.896,
85,33,weiblich,56874,Kreditkarte,2011-05-29 03:10:01.168,2013-05-20 15:06:22.788
86,50,weiblich,20041,Kreditkarte,2010-11-08 10:17:17.576,2013-03-29 01:38:08.269
87,71,männlich,28479,Check,2011-03-02 13:08:12.032,2012-03-07 08:08:49.137
88,79,männlich,49130,Kreditkarte,2010-08-04 01:04:54.474,
89,51,weiblich,24937,Bar,2010-08-18 20:46:32.626,2013-05-03 16:52:58.397
90,72,weiblich,79644,Bar,2009-11-24 09:17:48.796,2012-11-14 01:03:59.072
91,61,weiblich,53630,Bar,2011-12-05 08:20:43.839,2012-07-22 14:18:56.577
92,59,weiblich,68905,Kreditkarte,2011-03-25 02:59:03.608,
93,49,männlich,69123,Kreditkarte,2011-05-01 14:43:55.447,
94,54,weiblich,32867,Check,2011-07-22 22:29:24.973,2013-02-01 07:47:04.460
95,26,männlich,71189,Bar,2012-01-08 16:03:33.531,
96,18,männlich,42423,Bar,2012-08-10 16:46:39.422,
97,37,weiblich,47457,Bar,2010-10-05 17:04:03.517,
98,40,männlich,54127,Kreditkarte,2012-08-07 08:42:23.885,
99,42,weiblich,28135,Bar,2011-03-31 14:39:18.807,2012-08-15 01:54:59.066
100,69,männlich,64017,Kreditkarte,2012-08-07 11:28:38.860,
101,24,männlich,35108,Kreditkarte,2011-03-18 20:34:30.344,
102,62,weiblich,59282,Bar,2011-11-05 21:30:38.912,2013-02-24 18:56:35.104
103,39,männlich,83226,Kreditkarte,2011-10-04 00:42:09.111,
104,37,weiblich,62961,Kreditkarte,2011-07-04 18:47:48.300,
105,22,weiblich,55252,Kreditkarte,2012-10-04 17:55:23.353,
106,38,männlich,70864,Bar,2010-08-01 11:22:31.182,2011-09-05 10:19:02.910
107,28,weiblich,17429,Kreditkarte,2011-07-26 16:29:17.461,
108,53,männlich,78944,Kreditkarte,2011-07-12 17:25:31.540,
109,36,männlich,53339,Kreditkarte,2012-06-05 10:46:30.646,
110,76,weiblich,30515,Check,2010-12-23 05:44:21.414,2014-02-16 05:02:44.302
111,42,weiblich,53369,Kreditkarte,2011-01-03 17:46:33.061,2012-02-18 01:41:13.962
112,65,männlich,37642,Bar,2013-01-06 01:40:54.945,2013-11-07 17:58:51.247
113,65,männlich,29311,Bar,2011-06-08 06:02:33.843,2012-10-22 00:13:19.877
114,24,männlich,18006,Kreditkarte,2012-09-03 18:39:54.060,
115,31,weiblich,33862,Bar,2011-03-28 03:51:11.851,2013-01-03 03:43:33.943
116,46,weiblich,39283,Check,2012-10-31 17:56:47.195,2013-07-07 06:29:13.229
117,68,männlich,44552,Kreditkarte,2013-06-16 21:50:54.797,
118,42,männlich,86255,Bar,2011-02-05 18:08:57.093,2013-04-15 13:57:03.163
119,55,weiblich,61252,Kreditkarte,2011-03-19 11:18:00.491,
120,54,weiblich,60457,Bar,2011-09-05 18:00:00.636,2013-05-08 12:34:22.810
121,81,männlich,70446,Kreditkarte,2010-10-04 03:28:54.044,2012-10-31 20:55:19.324
122,46,männlich,60779,Kreditkarte,2011-12-01 06:57:28.516,
123,63,weiblich,62955,Kreditkarte,2011-06-27 15:46:12.261,
124,73,männlich,39804,Kreditkarte,2010-06-10 07:17:10.737,2012-09-25 05:28:14.917
125,17,männlich,47146,Kreditkarte,2011-09-06 16:28:21.464,
126,53,weiblich,41954,Bar,2010-08-27 04:19:22.528,2013-05-07 07:26:42.310
127,17,weiblich,28813,Kreditkarte,2013-03-13 08:07:38.177,
128,91,weiblich,51752,Check,2010-06-15 09:57:28.001,
129,35,männlich,53383,Kreditkarte,2012-07-01 05:58:16.601,
130,80,weiblich,66588,Bar,2012-12-08 19:37:11.271,2014-02-19 15:24:55.489
131,35,weiblich,35725,Kreditkarte,2010-10-10 23:56:21.372,2013-04-02 09:29:49.180
132,22,weiblich,81326,Kreditkarte,2010-09-15 11:30:45.906,
133,67,weiblich,39700,Kreditkarte,2011-12-04 18:22:45.940,
134,46,männlich,40160,Kreditkarte,2012-01-05 10:46:46.224,2013-11-05 16:56:14.742
135,50,weiblich,24288,Kreditkarte,2010-10-12 03:25:19.844,2011-04-21 01:32:40.959
136,50,weiblich,30600,Check,2010-10-15 15:05:54.470,2012-11-04 12:37:11.465
137,72,weiblich,53056,Kreditkarte,2011-02-20 22:11:48.846,
138,25,weiblich,62254,Bar,2011-04-29 07:36:00.666,2014-03-15 23:48:27.147
139,38,weiblich,16423,Kreditkarte,2011-02-22 19:07:41.832,2011-06-21 00:49:35.418
140,30,männlich,77126,Bar,2011-12-02 04:59:46.747,
141,27,männlich,51323,Kreditkarte,2011-11-02 07:47:15.461,
142,32,weiblich,37604,Bar,2011-08-10 06:25:57.676,2013-09-29 16:46:04.193
143,56,männlich,56339,Kreditkarte,2011-06-14 03:49:00.725,2013-01-28 21:36:16.775
144,29,männlich,68932,Kreditkarte,2011-11-30 22:34:41.092,
145,58,männlich,48144,Kreditkarte,2012-06-23 04:38:15.168,
146,37,weiblich,58699,Kreditkarte,2011-01-05 07:30:14.486,2011-06-23 19:18:48.466
147,49,männlich,32367,Bar,2010-05-03 05:31:18.567,
148,19,männlich,34322,Kreditkarte,2012-04-30 09:08:18.915,
149,57,männlich,48202,Kreditkarte,2012-02-06 11:13:27.823,
150,27,weiblich,46755,Kreditkarte,2012-02-09 23:28:07.452,2013-04-11 13:44:10.815
151,78,weiblich,57714,Bar,2010-01-20 20:49:11.144,2011-11-19 20:14:22.685
152,29,männlich,59997,Kreditkarte,2012-10-08 04:19:09.418,2013-03-23 07:05:42.359
153,59,männlich,66465,Bar,2010-10-06 16:22:57.152,2012-02-14 17:50:38.334
154,62,männlich,50069,Kreditkarte,2012-02-20 08:09:25.473,
155,57,weiblich,99413,Kreditkarte,2011-02-26 05:07:23.830,2014-01-25 20:52:28.326
156,29,weiblich,70286,Kreditkarte,2012-01-10 22:07:45.787,
157,28,weiblich,74035,Kreditkarte,2011-07-01 14:25:46.107,
158,51,männlich,65113,Kreditkarte,2012-01-12 05:43:00.594,
159,45,männlich,43509,Kreditkarte,2011-08-25 02:20:35.725,2012-06-17 07:03:46.541
160,85,weiblich,51269,Bar,2010-06-13 13:16:22.144,2010-11-28 01:35:18.373
161,51,weiblich,67034,Bar,2010-05-19 15:35:45.726,2013-04-01 08:30:08.138
162,34,männlich,39032,Kreditkarte,2012-04-18 04:36:52.208,
163,66,weiblich,49943,Bar,2010-05-06 16:03:22.213,2013-11-13 02:53:03.786
164,30,männlich,64591,Kreditkarte,2011-09-17 21:28:16.055,
165,89,weiblich,47739,Bar,2010-11-28 11:34:37.409,2012-07-05 16:12:25.488
166,33,weiblich,88698,Kreditkarte,2013-12-17 12:14:00.507,2014-01-19 16:10:15.427
167,17,weiblich,55349,Bar,2010-01-25 08:30:54.166,2011-06-16 21:32:55.316
168,50,weiblich,41620,Kreditkarte,2011-05-13 03:58:00.650,
169,42,männlich,47286,Check,2011-06-16 07:15:58.989,2012-11-20 16:58:48.223
170,34,männlich,29847,Kreditkarte,2012-03-29 13:08:44.239,
171,55,weiblich,64008,Bar,2011-02-10 08:00:18.639,
172,73,weiblich,35733,Bar,2010-12-13 16:43:16.486,2013-06-23 15:47:52.573
173,59,männlich,42090,Kreditkarte,2011-05-14 01:12:57.139,2012-10-28 22:52:43.519
174,47,männlich,48578,Bar,2010-03-04 20:20:00.321,2010-07-25 02:33:51.016
175,78,weiblich,47195,Bar,2010-12-06 21:51:50.911,2011-06-22 05:45:27.814
176,69,weiblich,18888,Kreditkarte,2011-02-12 12:22:11.002,2014-01-06 11:59:10.330
177,38,männlich,25161,Bar,2010-07-21 15:54:33.223,2012-08-18 10:44:57.045
178,17,weiblich,46716,Kreditkarte,2012-08-07 19:41:18.637,2014-03-25 15:50:19.121
179,22,männlich,47893,Kreditkarte,2012-03-21 19:34:41.018,
180,52,weiblich,56568,Check,2011-04-17 15:44:23.451,
181,30,weiblich,43635,Kreditkarte,2011-09-06 05:47:28.585,2013-01-03 07:06:21.794
182,36,männlich,34633,Check,2010-06-22 13:56:30.743,
183,60,weiblich,40549,Bar,2010-11-30 19:35:52.599,2011-07-19 07:20:44.590
184,23,weiblich,51040,Bar,2010-10-17 23:01:13.442,2013-11-13 14:47:18.039
185,40,männlich,58722,Kreditkarte,2012-03-09 06:43:20.179,2013-12-06 12:19:02.967
186,27,weiblich,80109,Kreditkarte,2012-10-09 13:31:47.563,
187,52,weiblich,52623,Kreditkarte,2010-03-14 03:36:38.085,2010-07-16 19:41:25.760
188,75,männlich,42372,Kreditkarte,2010-11-17 05:35:23.598,2011-11-09 11:06:52.742
189,40,männlich,29863,Kreditkarte,2012-10-01 07:48:46.831,
190,30,männlich,50049,Kreditkarte,2012-09-07 01:47:56.664,
191,42,männlich,35479,Bar,2011-04-27 23:50:12.013,2012-01-25 04:55:25.155
192,43,weiblich,49469,Bar,2012-10-17 23:05:47.133,
193,61,männlich,52664,Bar,2011-06-30 00:15:27.842,2012-09-17 06:38:03.924
194,56,männlich,61718,Kreditkarte,2013-04-14 13:16:15.275,
195,51,weiblich,40753,Kreditkarte,2010-09-28 21:30:05.621,2012-11-05 09:22:48.119
196,37,männlich,49994,Kreditkarte,2012-01-28 22:39:33.853,
197,17,männlich,57478,Check,2011-07-10 17:13:05.403,
198,30,weiblich,41474,Kreditkarte,2012-01-16 15:15:54.107,
199,35,weiblich,10869,Bar,2011-11-11 08:07:30.118,2013-03-11 06:30:35.062
200,25,männlich,57968,Bar,2011-04-01 12:41:46.278,2011-12-23 00:40:52.706
201,26,männlich,49215,Kreditkarte,2012-02-09 14:24:21.549,
202,33,weiblich,40973,Kreditkarte,2010-07-05 03:25:09.238,2012-11-18 11:08:28.890
203,43,weiblich,81900,Kreditkarte,2010-08-25 20:50:16.500,2013-12-10 21:34:27.610
204,21,männlich,40990,Bar,2012-03-12 21:18:45.473,
205,29,männlich,49525,Kreditkarte,2012-09-25 17:15:10.506,
206,34,männlich,57903,Bar,2011-11-30 22:03:13.971,
207,33,weiblich,15002,Kreditkarte,2011-01-21 19:32:30.780,2011-12-01 13:02:49.045
208,17,männlich,52112,Kreditkarte,2012-03-12 08:51:39.209,
209,79,weiblich,40426,Kreditkarte,2011-06-19 22:26:20.343,2011-12-27 13:43:12.496
210,79,männlich,63905,Kreditkarte,2011-02-10 09:31:06.241,
211,52,männlich,49742,Kreditkarte,2011-12-18 21:06:43.998,
212,62,weiblich,17715,Check,2011-07-23 14:32:46.410,2013-10-20 08:43:44.452
213,30,weiblich,71368,Kreditkarte,2011-07-14 19:48:52.173,
214,35,weiblich,53312,Kreditkarte,2011-06-17 20:38:56.936,2011-12-12 04:16:50.813
215,31,männlich,33874,Kreditkarte,2013-02-13 04:41:22.918,
216,47,weiblich,13014,Bar,2011-01-19 10:39:08.727,2013-03-02 18:14:47.472
217,35,männlich,64735,Kreditkarte,2012-02-11 12:55:32.542,
218,61,männlich,37718,Kreditkarte,2012-05-11 18:13:47.160,
219,62,männlich,44241,Kreditkarte,2012-08-04 00:20:42.006,
220,55,weiblich,38356,Kreditkarte,2011-03-15 03:15:00.073,
221,48,männlich,26601,Check,2011-06-04 05:56:33.933,2012-07-25 21:47:50.235
222,89,männlich,24478,Bar,2011-08-19 01:40:41.464,2012-03-05 17:50:25.782
223,33,weiblich,51727,Kreditkarte,2010-11-17 12:59:58.358,2013-06-06 01:05:08.026
224,50,weiblich,68734,Kreditkarte,2010-06-13 21:41:46.110,
225,63,männlich,47146,Check,2010-05-29 18:13:24.637,2010-09-11 01:30:45.511
226,64,weiblich,59557,Kreditkarte,2013-01-01 15:14:37.495,2014-04-06 19:28:59.300
227,74,männlich,65094,Kreditkarte,2010-07-12 05:58:27.460,2013-06-06 12:15:52.542
228,33,männlich,72481,Kreditkarte,2012-01-19 05:22:28.412,2013-02-08 20:19:44.832
229,55,männlich,48789,Check,2011-09-18 05:04:03.753,2014-01-12 17:41:43.767
230,81,männlich,50412,Kreditkarte,2011-04-23 21:42:14.793,
231,81,weiblich,44960,Kreditkarte,2011-06-02 16:14:05.192,
232,50,weiblich,34377,Bar,2011-09-13 02:17:47.034,2013-10-17 00:23:59.308
233,53,männlich,39759,Bar,2011-10-03 06:02:29.041,
234,56,männlich,13223,Check,2010-09-28 02:46:51.820,
235,50,weiblich,63118,Kreditkarte,2011-04-12 09:08:31.933,2012-09-05 05:39:58.802
236,38,weiblich,57443,Kreditkarte,2011-06-24 19:40:34.032,2013-09-27 10:05:39.003
237,71,männlich,62035,Kreditkarte,2011-08-28 06:45:03.960,
238,18,weiblich,51027,Kreditkarte,2013-01-09 11:33:46.518,
239,27,weiblich,48898,Kreditkarte,2011-11-22 05:36:13.039,
240,27,weiblich,50563,Check,2010-09-06 23:58:45.784,2012-12-24 02:31:27.463
241,86,weiblich,74769,Kreditkarte,2012-04-25 10:16:33.945,2013-10-15 05:19:19.607
242,82,männlich,77123,Bar,2011-02-15 04:00:40.628,2013-09-06 16:46:47.288
243,24,männlich,73594,Bar,2012-10-09 04:50:18.190,
244,29,männlich,35889,Kreditkarte,2011-10-01 04:49:38.066,
245,45,männlich,42147,Kreditkarte,2012-11-16 23:43:30.204,
246,35,männlich,82634,Kreditkarte,2011-09-01 06:54:35.508,
247,18,weiblich,33265,Kreditkarte,2011-12-04 08:09:04.053,
248,90,männlich,34948,Kreditkarte,2011-07-13 18:22:46.737,
249,51,männlich,78508,Kreditkarte,2012-02-21 11:11:15.133,
250,27,männlich,55995,Bar,2011-09-03 17:51:59.762,2013-09-09 04:32:30.838
251,24,weiblich,59520,Kreditkarte,2011-12-21 07:32:50.669,
252,28,männlich,80052,Bar,2012-05-13 05:47:56.503,
253,43,weiblich,45010,Check,2010-12-22 15:27:33.004,2011-02-08 20:13:34.187
254,21,weiblich,44502,Kreditkarte,2012-02-22 21:55:14.095,2012-05-08 18:57:29.679
255,75,weiblich,80619,Kreditkarte,2010-03-11 14:16:50.442,2012-01-06 02:40:57.104
256,51,weiblich,45063,Kreditkarte,2011-06-13 06:43:29.766,2013-06-25 14:51:11.264
257,39,männlich,46694,Kreditkarte,2011-11-03 08:14:25.422,
258,46,männlich,73429,Kreditkarte,2013-03-16 12:35:50.220,
259,34,weiblich,87726,Kreditkarte,2011-02-04 20:52:45.208,2011-06-06 06:42:52.251
260,40,männlich,28079,Kreditkarte,2012-07-04 15:23:45.078,2013-04-02 15:51:41.969
261,38,weiblich,20520,Bar,2010-07-12 16:13:23.796,2013-06-28 06:21:17.913
262,45,männlich,69968,Kreditkarte,2012-09-11 14:49:50.604,
263,48,weiblich,40516,Bar,2011-08-14 00:06:11.101,2012-07-26 16:57:27.928
264,55,männlich,73200,Kreditkarte,2012-11-11 18:40:57.408,2013-10-21 08:50:50.373
265,17,weiblich,61373,Check,2010-07-17 03:31:55.512,2011-05-01 03:24:56.193
266,68,männlich,42338,Kreditkarte,2012-03-11 05:41:10.017,
267,28,männlich,53600,Kreditkarte,2012-05-12 00:23:00.985,
268,26,männlich,46105,Kreditkarte,2012-06-20 02:37:39.173,
269,73,weiblich,50302,Bar,2010-08-21 12:59:23.025,2013-01-12 06:09:49.267
270,54,weiblich,47605,Check,2011-02-26 13:11:11.141,2011-04-09 06:51:27.813
271,70,männlich,36949,Kreditkarte,2012-04-19 01:29:40.554,
272,58,weiblich,36516,Bar,2012-02-07 09:28:45.950,2013-11-15 23:49:52.053
273,40,männlich,46064,Kreditkarte,2011-07-10 19:30:28.404,
274,63,weiblich,25624,Kreditkarte,2010-12-06 13:51:57.859,
275,75,weiblich,54630,Bar,2010-06-28 03:46:57.742,
276,39,weiblich,36854,Kreditkarte,2010-10-10 11:29:01.926,2012-02-26 16:41:29.655
277,31,männlich,38249,Bar,2012-04-09 10:21:31.757,
278,90,männlich,61079,Kreditkarte,2011-03-03 13:36:29.305,2011-12-14 03:01:03.615
279,28,männlich,33974,Kreditkarte,2013-05-04 06:41:56.678,2013-12-22 10:04:23.142
280,43,männlich,66899,Kreditkarte,2013-04-28 02:50:44.652,
281,34,männlich,45249,Kreditkarte,2012-11-24 00:57:37.657,
282,56,männlich,70899,Kreditkarte,2012-01-25 18:22:32.385,2012-09-03 10:43:01.772
283,40,männlich,72315,Kreditkarte,2012-03-17 06:23:21.205,
284,39,weiblich,91189,Kreditkarte,2011-11-29 10:46:56.441,2013-11-18 13:48:04.577
285,40,weiblich,67613,Bar,2011-08-08 23:34:02.544,2012-01-17 07:47:26.852
286,39,weiblich,46235,Kreditkarte,2010-11-08 01:58:09.168,2012-11-14 00:59:49.086
287,36,weiblich,52651,Kreditkarte,2010-11-07 04:56:33.123,
288,34,weiblich,44574,Kreditkarte,2010-09-05 05:14:50.908,2013-11-02 23:57:57.234
289,86,weiblich,50719,Kreditkarte,2011-02-15 19:28:51.377,
290,52,männlich,37813,Bar,2011-07-13 06:26:39.792,2011-08-14 02:30:48.281
291,20,männlich,54398,Kreditkarte,2011-12-10 23:51:38.579,
292,46,männlich,24693,Kreditkarte,2012-06-22 18:13:33.363,
293,42,männlich,44758,Bar,2011-04-03 03:38:45.470,
294,54,männlich,39553,Kreditkarte,2012-08-18 18:11:42.237,2013-04-28 23:52:01.287
295,46,männlich,31650,Kreditkarte,2012-07-11 00:30:40.413,
296,76,weiblich,37704,Kreditkarte,2011-08-10 15:42:57.043,2013-11-21 00:33:49.541
297,20,weiblich,46399,Kreditkarte,2012-09-15 01:49:01.393,
298,51,männlich,40678,Kreditkarte,2012-05-15 17:07:35.173,2014-03-01 07:24:59.329
299,54,männlich,41306,Bar,2011-08-08 16:47:38.723,
300,65,weiblich,77994,Check,2011-07-01 03:55:36.176,2012-03-21 06:06:03.198
301,55,weiblich,64693,Kreditkarte,2010-11-16 12:25:33.953,
302,17,männlich,49720,Bar,2012-10-07 17:30:07.147,
303,18,weiblich,54095,Kreditkarte,2011-09-03 12:43:17.754,2012-08-05 05:13:38.769
304,21,weiblich,51442,Kreditkarte,2012-09-02 15:43:39.575,
305,64,weiblich,78779,Bar,2011-06-12 22:33:29.196,2012-03-28 20:43:52.875
306,71,männlich,73779,Kreditkarte,2012-08-16 16:58:29.481,
307,43,männlich,67998,Bar,2010-12-11 09:09:05.891,
308,18,weiblich,65338,Check,2010-10-27 15:39:28.323,2013-11-28 03:08:40.641
309,39,weiblich,68530,Kreditkarte,2011-03-02 23:32:22.449,2014-01-07 18:00:48.237
310,26,männlich,33295,Bar,2013-10-11 05:13:41.197,
311,17,weiblich,57985,Kreditkarte,2012-07-16 05:13:42.611,
312,77,weiblich,66980,Kreditkarte,2011-05-21 20:24:57.810,2012-02-18 05:25:16.603
313,45,weiblich,54628,Kreditkarte,2011-12-11 01:06:10.782,2012-07-29 06:04:54.326
314,90,männlich,67996,Kreditkarte,2013-07-28 07:07:55.514,2013-08-04 11:22:11.437
315,55,männlich,49659,Bar,2011-01-18 13:36:12.370,2013-10-29 05:58:51.905
316,37,weiblich,25174,Kreditkarte,2011-08-07 06:26:14.538,
317,30,weiblich,66955,Kreditkarte,2012-06-15 02:20:15.306,
318,41,männlich,65466,Kreditkarte,2011-12-02 18:06:56.335,2012-07-23 13:20:47.668
319,46,männlich,89598,Bar,2010-06-24 17:54:28.880,2012-05-27 05:33:38.373
320,48,männlich,85366,Kreditkarte,2011-12-26 13:48:31.574,2013-01-16 20:45:44.921
321,34,männlich,54585,Kreditkarte,2012-01-20 04:47:24.012,
322,52,männlich,58826,Bar,2010-11-28 01:56:32.103,2011-11-20 17:28:02.010
323,18,weiblich,63490,Kreditkarte,2012-10-30 16:05:28.312,
324,46,weiblich,46321,Kreditkarte,2012-10-18 10:14:04.353,2013-10-15 20:36:59.977
325,53,männlich,72804,Kreditkarte,2012-07-12 12:18:59.286,
326,64,männlich,53175,Kreditkarte,2013-08-19 22:03:12.907,
327,30,weiblich,69314,Kreditkarte,2012-09-14 14:07:45.265,
328,52,weiblich,32350,Kreditkarte,2011-02-03 09:29:28.841,2011-05-31 14:34:01.768
329,75,weiblich,32949,Bar,2010-05-09 19:48:09.846,2012-05-18 16:09:27.450
330,65,männlich,94207,Kreditkarte,2012-01-13 12:58:41.590,
331,34,männlich,51967,Kreditkarte,2011-09-14 15:37:28.762,2011-09-29 00:55:47.468
332,27,männlich,20801,Kreditkarte,2011-06-14 11:00:32.316,2011-06-25 20:06:47.078
333,42,männlich,51712,Kreditkarte,2012-11-06 07:31:04.432,
334,33,männlich,60265,Kreditkarte,2011-11-03 21:03:49.915,
335,24,männlich,25041,Kreditkarte,2012-10-06 05:49:32.091,
336,49,weiblich,95836,Kreditkarte,2011-01-01 19:51:14.590,2011-12-18 20:22:50.870
337,76,weiblich,52397,Kreditkarte,2011-02-08 06:41:58.339,2013-01-24 21:27:46.009
338,41,männlich,52628,Kreditkarte,2012-01-28 18:51:58.898,
339,71,männlich,20069,Kreditkarte,2012-05-25 22:13:13.470,
340,43,männlich,67346,Kreditkarte,2012-07-05 14:34:21.425,
341,44,weiblich,46361,Bar,2011-11-25 15:10:54.980,2013-10-15 20:44:00.708
342,20,weiblich,43807,Kreditkarte,2013-05-02 15:06:52.091,
343,18,männlich,70427,Kreditkarte,2012-05-03 03:11:40.740,
344,53,männlich,35235,Bar,2012-06-12 10:50:58.792,2014-02-19 06:09:59.413
345,46,männlich,55511,Kreditkarte,2012-05-30 13:26:58.968,
346,82,weiblich,57638,Kreditkarte,2011-01-27 20:16:01.986,2014-03-30 19:29:19.660
347,23,weiblich,48902,Kreditkarte,2012-10-10 04:40:28.451,
348,19,männlich,28556,Check,2012-02-03 04:12:58.560,
349,68,männlich,67547,Bar,2011-06-14 03:44:41.025,2013-08-31 16:39:18.442
350,42,männlich,29795,Kreditkarte,2012-04-29 06:04:18.691,
351,39,männlich,45238,Kreditkarte,2012-07-29 10:29:40.263,
352,73,männlich,80550,Check,2012-07-17 02:36:44.963,
353,50,männlich,52403,Kreditkarte,2012-03-28 07:40:26.877,
354,22,männlich,57958,Bar,2012-06-06 00:40:11.215,
355,20,männlich,36222,Kreditkarte,2012-01-30 23:53:49.912,
356,47,männlich,73650,Check,2010-12-22 01:13:21.454,2014-03-09 07:48:47.289
357,40,weiblich,61146,Kreditkarte,2011-01-30 00:35:11.548,2012-08-03 21:03:04.379
358,23,männlich,38658,Kreditkarte,2011-12-21 00:21:04.622,
359,21,weiblich,37038,Kreditkarte,2013-02-03 10:40:03.993,
360,64,männlich,70061,Kreditkarte,2012-11-02 00:14:25.268,
361,39,männlich,66735,Bar,2010-09-20 03:59:49.977,2013-09-26 21:36:23.997
362,80,männlich,38337,Kreditkarte,2012-03-17 02:37:13.200,2012-08-14 08:49:20.674
363,38,weiblich,32502,Bar,2011-01-14 12:57:11.180,2012-12-28 20:27:20.775
364,47,weiblich,76498,Kreditkarte,2010-09-18 16:40:14.171,2013-06-16 07:50:09.277
365,85,männlich,40211,Bar,2010-12-23 15:03:09.596,2011-05-21 19:33:52.635
366,26,männlich,38748,Check,2012-02-05 14:36:09.943,
367,69,weiblich,46792,Kreditkarte,2012-01-01 19:51:11.883,2012-01-23 05:08:16.724
368,18,männlich,55746,Kreditkarte,2013-01-19 11:18:41.717,
369,18,männlich,30813,Kreditkarte,2012-05-08 07:54:01.265,
370,40,weiblich,71442,Kreditkarte,2011-08-17 22:08:20.300,2011-11-19 10:02:02.700
371,90,männlich,51590,Kreditkarte,2011-08-17 04:14:51.509,2013-01-25 16:57:44.633
372,22,weiblich,31324,Bar,2011-07-30 10:56:03.338,2011-10-22 13:02:19.760
373,36,weiblich,65409,Bar,2012-02-15 07:39:31.574,2013-12-29 06:22:54.949
374,57,männlich,63963,Kreditkarte,2012-04-28 09:57:35.321,
375,51,weiblich,42483,Kreditkarte,2011-03-27 22:57:48.148,2012-09-16 22:55:04.367
376,63,männlich,40497,Bar,2011-04-05 18:22:40.822,2013-10-12 10:54:34.024
377,22,männlich,59976,Bar,2013-03-15 02:55:14.298,
378,33,weiblich,70119,Bar,2010-07-13 22:10:11.225,2012-05-09 18:13:14.239
379,24,männlich,44066,Kreditkarte,2012-02-09 01:33:31.318,2013-02-28 04:58:13.183
380,44,männlich,38982,Bar,2010-06-21 17:22:02.838,
381,55,männlich,37202,Kreditkarte,2012-04-18 21:07:05.268,
382,60,männlich,52545,Kreditkarte,2011-09-30 01:42:51.719,
383,21,weiblich,61923,Kreditkarte,2012-07-27 23:29:47.340,
384,56,weiblich,28283,Kreditkarte,2010-10-17 08:15:52.033,2012-04-14 06:42:36.767
385,51,männlich,93646,Kreditkarte,2012-10-30 04:00:14.789,
386,33,weiblich,46955,Bar,2011-06-15 19:08:28.946,
387,56,männlich,50636,Bar,2011-01-08 12:47:42.936,2012-07-17 09:49:43.291
388,61,männlich,48136,Kreditkarte,2012-02-06 10:45:05.187,
389,91,männlich,34665,Kreditkarte,2011-02-22 01:32:29.678,2012-03-06 02:15:38.266
390,44,weiblich,26207,Kreditkarte,2011-09-09 00:50:49.067,2012-07-05 08:42:41.582
391,54,weiblich,47276,Kreditkarte,2013-01-11 09:38:48.693,2013-07-03 10:00:14.092
392,55,männlich,30778,Bar,2011-11-05 17:25:40.962,2012-10-16 07:15:58.112
393,20,männlich,43360,Bar,2011-02-04 04:31:54.942,
394,41,männlich,70849,Kreditkarte,2012-08-19 01:39:25.936,
395,30,männlich,32114,Kreditkarte,2012-10-25 18:48:09.700,2012-11-27 09:20:06.999
396,22,männlich,65906,Check,2011-06-24 16:24:19.708,
397,17,weiblich,42444,Kreditkarte,2011-12-20 08:00:58.289,2012-11-21 07:22:33.780
398,66,männlich,46243,Kreditkarte,2012-02-19 09:58:06.785,
399,74,weiblich,67865,Kreditkarte,2010-10-22 15:52:15.690,2012-08-24 12:25:58.504
400,49,weiblich,52448,Kreditkarte,2010-12-25 17:57:08.523,2014-02-10 21:15:31.587
401,43,männlich,55026,Bar,2011-10-29 08:44:09.788,2012-07-21 03:48:25.334
402,75,männlich,41807,Bar,2010-06-04 17:43:37.984,2013-05-27 10:26:25.360
403,52,männlich,39688,Bar,2011-07-03 20:38:36.933,2013-03-17 06:42:39.561
404,76,männlich,73947,Kreditkarte,2011-01-02 16:33:41.333,
405,80,weiblich,39258,Kreditkarte,2013-04-02 08:52:32.966,
406,41,männlich,63834,Bar,2011-02-14 09:40:03.263,2012-04-25 17:10:31.888
407,65,männlich,46446,Bar,2011-03-14 03:30:53.007,2011-11-30 12:20:43.885
408,51,weiblich,21946,Kreditkarte,2013-06-13 09:28:32.989,2013-07-27 07:31:14.372
409,28,weiblich,48646,Kreditkarte,2012-12-14 04:50:25.669,
410,76,männlich,51849,Kreditkarte,2011-09-25 07:16:17.169,
411,58,männlich,48379,Kreditkarte,2012-11-14 02:25:00.691,
412,53,männlich,41684,Kreditkarte,2012-05-15 08:54:58.248,
413,28,weiblich,60421,Kreditkarte,2013-01-03 02:22:40.469,
414,19,weiblich,26225,Kreditkarte,2012-07-14 08:41:15.951,
415,36,männlich,52388,Kreditkarte,2012-02-12 01:02:33.816,
416,69,männlich,75968,Bar,2010-12-09 05:49:29.169,2011-03-11 01:59:47.415
417,31,männlich,59994,Kreditkarte,2012-07-09 20:02:21.578,
418,78,männlich,70285,Kreditkarte,2011-09-18 04:24:35.045,2012-08-02 22:09:28.195
419,46,männlich,45239,Kreditkarte,2012-05-03 12:41:36.650,
420,26,männlich,39535,Kreditkarte,2012-03-06 08:00:32.084,
421,50,weiblich,59980,Bar,2011-06-19 17:21:48.784,2011-07-01 04:44:27.719
422,21,weiblich,60443,Kreditkarte,2013-01-01 16:33:26.556,
423,56,männlich,53322,Kreditkarte,2013-05-04 04:51:03.389,
424,76,männlich,67456,Kreditkarte,2011-01-23 14:12:32.572,2014-01-24 02:06:18.011
425,39,weiblich,78741,Bar,2011-07-02 00:09:12.552,2013-06-23 20:49:29.435
426,34,männlich,74109,Kreditkarte,2012-12-06 11:05:56.092,
427,48,weiblich,71592,Kreditkarte,2012-11-17 20:49:48.270,2013-07-10 06:29:38.810
428,67,männlich,76001,Kreditkarte,2012-07-19 03:31:11.893,
429,43,weiblich,63378,Kreditkarte,2011-06-27 06:06:26.247,
430,24,männlich,20964,Kreditkarte,2013-02-05 03:17:18.205,
431,58,männlich,91024,Bar,2011-07-22 10:43:17.402,2013-04-06 03:58:26.411
432,34,weiblich,56572,Kreditkarte,2010-12-17 16:59:57.156,
433,67,weiblich,58427,Kreditkarte,2013-04-09 22:06:30.499,2013-05-04 06:51:56.339
434,18,männlich,47168,Kreditkarte,2012-12-09 08:02:22.273,
435,61,männlich,48117,Kreditkarte,2013-02-07 23:31:22.395,
436,49,männlich,41669,Kreditkarte,2012-11-17 19:59:39.323,
437,54,männlich,13826,Kreditkarte,2013-10-10 00:47:23.587,
438,37,männlich,52371,Kreditkarte,2012-06-05 04:11:54.639,
439,43,männlich,47336,Bar,2011-06-26 22:14:19.282,2013-01-17 04:43:26.034
440,52,männlich,57030,Check,2010-12-23 20:54:13.251,2013-10-08 00:49:50.911
441,51,weiblich,77099,Kreditkarte,2010-10-11 01:19:09.157,2011-08-24 16:40:18.830
442,62,weiblich,47943,Kreditkarte,2012-08-05 20:39:37.348,2014-03-04 19:08:16.150
443,51,männlich,40398,Bar,2011-09-28 18:51:57.071,2013-02-04 15:32:25.220
444,66,weiblich,73759,Kreditkarte,2010-12-07 23:33:25.714,2012-04-18 17:54:34.243
445,54,weiblich,50292,Kreditkarte,2010-10-03 08:34:35.829,2011-07-25 16:27:03.344
446,70,männlich,56261,Bar,2011-09-12 20:58:08.144,2014-04-07 05:05:39.096
447,44,weiblich,35004,Kreditkarte,2011-01-20 11:34:39.250,2011-10-07 14:28:54.983
448,70,weiblich,46624,Kreditkarte,2011-01-21 16:47:27.931,2013-03-07 12:06:28.925
449,48,männlich,42410,Kreditkarte,2012-06-30 22:16:33.861,2013-10-22 21:16:12.570
450,59,weiblich,66872,Kreditkarte,2013-03-22 03:03:09.616,2014-03-12 16:31:29.033
451,54,männlich,32125,Kreditkarte,2013-01-12 03:41:38.589,
452,18,weiblich,58135,Kreditkarte,2014-02-10 06:33:59.273,2014-02-19 04:52:59.180
453,19,weiblich,38400,Kreditkarte,2012-10-28 19:36:10.456,
454,19,weiblich,40672,Kreditkarte,2012-11-10 16:54:47.912,
455,36,männlich,21371,Kreditkarte,2012-11-07 00:07:33.548,
456,27,männlich,49575,Check,2012-05-23 13:31:11.832,2012-06-29 01:16:10.047
457,18,weiblich,31231,Kreditkarte,2012-05-09 00:26:06.213,
458,58,männlich,31454,Bar,2013-05-02 23:08:19.915,2013-09-16 13:01:09.693
459,18,weiblich,48009,Kreditkarte,2012-04-07 15:20:57.109,
460,36,weiblich,51324,Kreditkarte,2013-11-30 00:50:28.608,2014-01-20 12:20:35.604
461,47,männlich,46428,Kreditkarte,2012-11-04 08:40:26.982,
462,52,männlich,69865,Kreditkarte,2012-09-07 10:50:02.261,
463,56,männlich,60330,Bar,2011-04-15 03:44:23.817,2014-01-28 03:51:56.805
464,35,männlich,29221,Kreditkarte,2013-04-27 08:28:38.440,
465,29,weiblich,24440,Kreditkarte,2012-07-26 12:20:01.689,
466,32,männlich,58540,Kreditkarte,2012-05-10 20:18:03.027,
467,72,männlich,52955,Bar,2011-09-29 03:34:24.798,2012-12-18 04:00:04.801
468,71,männlich,47613,Kreditkarte,2011-11-03 00:08:14.355,
469,49,männlich,45567,Kreditkarte,2012-09-11 18:02:09.203,
470,77,männlich,38455,Kreditkarte,2010-09-17 16:59:41.413,2011-03-16 06:26:17.086
471,21,männlich,24685,Bar,2011-11-17 19:33:15.508,
472,29,weiblich,40852,Bar,2012-02-02 09:26:00.873,2012-11-25 21:44:56.116
473,47,weiblich,69484,Kreditkarte,2010-02-20 08:14:30.618,2013-01-23 16:46:25.096
474,19,weiblich,54133,Kreditkarte,2012-11-30 01:57:40.577,
475,63,weiblich,45103,Check,2010-06-30 10:33:57.029,2013-03-25 03:50:39.004
476,24,männlich,34190,Kreditkarte,2012-04-02 19:08:29.215,2012-09-28 14:11:36.392
477,66,weiblich,81622,Kreditkarte,2011-10-07 20:01:35.776,2013-05-28 15:31:45.153
478,23,männlich,70974,Kreditkarte,2012-03-08 10:47:20.982,
479,45,weiblich,45689,Kreditkarte,2012-07-01 10:10:14.967,2013-10-15 22:24:24.583
480,30,männlich,65625,Kreditkarte,2012-01-19 11:17:56.382,
481,72,weiblich,49005,Bar,2011-03-04 06:24:16.635,2013-07-16 14:56:20.847
482,79,männlich,59033,Bar,2012-05-02 10:00:26.525,2013-05-01 11:25:30.682
483,46,männlich,18418,Kreditkarte,2012-05-26 15:45:01.016,
484,69,weiblich,58885,Bar,2011-12-13 13:01:36.165,
485,55,weiblich,15607,Check,2011-05-16 05:50:21.824,2011-12-23 02:11:15.084
486,27,weiblich,58176,Kreditkarte,2013-06-20 08:14:27.377,
487,25,weiblich,89514,Bar,2010-11-27 16:40:44.160,
488,38,weiblich,60348,Kreditkarte,2011-11-23 01:05:53.570,2012-03-05 09:06:36.238
489,39,weiblich,19635,Kreditkarte,2012-01-26 12:06:33.230,2013-11-06 17:32:59.398
490,76,männlich,46792,Kreditkarte,2011-03-15 11:03:17.977,2012-05-11 10:02:55.925
491,34,männlich,46349,Bar,2012-03-13 18:30:16.211,2014-03-01 05:28:28.870
492,52,weiblich,31280,Bar,2010-06-13 13:19:12.909,2011-03-03 07:10:28.288
493,57,weiblich,44756,Kreditkarte,2011-12-03 10:35:31.834,2013-07-23 23:26:48.250
494,23,weiblich,63209,Kreditkarte,2012-09-14 17:18:43.955,
495,71,weiblich,57550,Kreditkarte,2011-04-29 23:37:57.277,2014-01-16 21:11:54.323
496,58,männlich,70441,Kreditkarte,2013-03-20 12:36:22.232,
497,17,weiblich,51710,Kreditkarte,2013-01-11 02:43:38.204,2013-08-07 14:52:39.352
498,47,weiblich,41669,Bar,2011-09-01 02:42:45.548,2012-11-13 09:48:31.530
499,41,männlich,31894,Bar,2011-09-08 09:11:42.920,2013-12-08 07:43:47.252
500,59,männlich,57822,Kreditkarte,2013-08-11 11:35:46.535,
501,19,männlich,48691,Kreditkarte,2011-06-16 20:04:07.319,
502,18,weiblich,41464,Kreditkarte,2012-06-11 19:42:49.250,
503,53,männlich,42002,Kreditkarte,2013-01-14 19:52:32.190,2013-02-17 14:51:13.554
504,44,männlich,53455,Kreditkarte,2012-06-03 00:01:00.674,
505,33,männlich,57398,Kreditkarte,2013-03-05 13:56:59.080,
506,28,männlich,58218,Bar,2012-04-11 22:23:38.004,
507,78,männlich,41219,Kreditkarte,2011-03-02 15:45:30.493,2013-07-21 18:30:36.234
508,30,weiblich,61552,Bar,2011-09-19 19:01:08.387,2013-11-14 12:34:52.455
509,51,männlich,30761,Kreditkarte,2012-03-11 09:00:05.513,
510,39,weiblich,39409,Kreditkarte,2011-09-19 23:12:22.316,2013-08-25 12:17:38.721
511,80,weiblich,46263,Kreditkarte,2010-09-26 17:02:08.770,2011-08-09 20:11:54.408
512,40,männlich,22022,Kreditkarte,2012-02-06 03:14:10.647,
513,53,weiblich,37031,Bar,2010-11-26 04:05:34.259,2013-10-17 04:46:18.565
514,28,männlich,56543,Kreditkarte,2012-09-03 16:00:29.686,
515,87,weiblich,69146,Kreditkarte,2011-05-27 07:34:54.684,2012-06-01 08:23:52.737
516,36,weiblich,42652,Kreditkarte,2010-08-01 14:10:19.171,2012-05-26 17:24:43.874
517,20,weiblich,46949,Kreditkarte,2012-04-28 14:04:27.163,
518,37,männlich,24239,Bar,2011-10-30 06:57:33.137,2012-09-02 22:36:21.535
519,55,männlich,56200,Check,2011-08-07 09:08:39.498,2014-02-01 00:59:01.571
520,72,männlich,60428,Bar,2011-09-23 14:45:55.541,
521,55,weiblich,24270,Kreditkarte,2011-12-25 02:01:38.116,2012-11-13 04:19:33.984
522,36,männlich,76387,Bar,2011-12-23 22:43:14.865,
523,34,männlich,39822,Kreditkarte,2012-02-18 08:38:36.087,
524,41,männlich,68737,Kreditkarte,2012-04-27 06:11:37.362,
525,17,weiblich,27368,Kreditkarte,2012-07-30 00:38:20.595,
526,30,männlich,19681,Kreditkarte,2012-05-10 00:35:10.392,
527,17,männlich,59370,Kreditkarte,2012-02-20 10:04:00.245,
528,83,weiblich,49474,Kreditkarte,2011-08-20 03:22:52.504,2012-06-27 11:55:38.491
529,46,weiblich,40098,Check,2012-02-29 14:21:55.130,2012-12-09 18:44:48.764
530,59,weiblich,44021,Kreditkarte,2010-12-04 04:16:56.499,2013-02-21 09:18:45.137
531,18,männlich,67963,Bar,2012-06-23 21:24:00.227,
532,28,männlich,26742,Kreditkarte,2013-05-02 15:57:13.223,
533,26,männlich,26349,Bar,2012-07-05 05:09:55.196,
534,33,weiblich,75265,Kreditkarte,2010-11-15 20:08:18.830,2012-12-02 21:15:07.633
535,21,männlich,52623,Kreditkarte,2012-02-23 14:26:16.322,
536,55,weiblich,52035,Bar,2011-10-02 04:29:26.594,2013-09-03 11:17:13.986
537,68,männlich,28681,Bar,2011-01-18 18:19:46.560,2012-04-22 02:07:48.950
538,29,weiblich,35230,Kreditkarte,2012-10-26 04:49:13.383,
539,32,männlich,40374,Kreditkarte,2011-08-31 02:31:42.452,
540,57,männlich,26091,Bar,2011-07-27 05:01:39.626,2013-07-01 19:38:27.047
541,63,weiblich,51596,Kreditkarte,2012-03-05 13:18:40.756,2012-09-09 03:45:50.612
542,47,weiblich,62613,Bar,2011-01-04 20:12:17.808,2013-04-16 18:08:52.569
543,31,weiblich,70219,Kreditkarte,2011-08-22 13:56:46.275,2012-10-27 03:12:53.629
544,27,weiblich,47321,Bar,2013-02-14 13:59:54.384,2013-12-02 03:43:37.217
545,18,weiblich,40261,Bar,2012-10-08 22:00:10.735,2012-11-11 21:56:36.268
546,51,weiblich,67859,Kreditkarte,2011-07-19 21:17:31.589,2011-10-01 13:40:45.771
547,17,männlich,80650,Kreditkarte,2013-01-26 18:53:43.868,
548,48,männlich,51280,Kreditkarte,2011-11-02 15:41:49.075,
549,25,männlich,42537,Kreditkarte,2012-07-28 05:10:47.457,
550,42,weiblich,51589,Bar,2011-08-17 09:05:28.403,2013-01-18 22:55:00.635
551,42,weiblich,49758,Kreditkarte,2011-07-06 20:19:48.607,2012-10-18 05:12:10.378
552,49,männlich,54399,Kreditkarte,2013-08-26 21:53:39.993,
553,47,männlich,35508,Bar,2012-06-10 20:57:16.347,2014-01-14 20:03:45.149
554,45,weiblich,61045,Bar,2011-09-04 20:36:50.082,2013-01-26 20:27:32.693
555,49,weiblich,66636,Kreditkarte,2011-01-27 19:11:00.466,
556,34,männlich,42795,Kreditkarte,2012-09-03 22:28:59.697,2013-11-15 07:50:30.070
557,39,weiblich,47525,Kreditkarte,2013-11-01 15:52:26.992,2013-12-18 05:24:07.751
558,29,weiblich,55815,Kreditkarte,2012-07-02 00:20:05.945,2013-03-02 07:46:06.512
559,32,weiblich,50494,Bar,2010-11-24 21:05:30.670,
560,25,männlich,89337,Bar,2012-06-23 12:34:21.965,
561,21,männlich,28187,Kreditkarte,2013-04-24 20:28:32.832,
562,57,weiblich,46367,Bar,2010-12-14 08:33:15.344,2013-01-23 12:18:44.669
563,64,weiblich,50409,Kreditkarte,2011-09-26 08:22:56.992,2013-03-13 10:20:23.046
564,51,weiblich,44191,Bar,2011-12-06 11:58:13.233,2013-09-28 14:50:02.566
565,24,männlich,35597,Kreditkarte,2013-02-09 08:06:30.153,
566,60,männlich,45272,Kreditkarte,2012-05-02 16:48:56.117,
567,35,männlich,60164,Kreditkarte,2012-09-10 06:54:17.670,
568,54,männlich,64198,Kreditkarte,2012-04-05 09:00:10.327,
569,55,weiblich,40446,Bar,2011-06-19 16:48:54.753,2013-10-23 23:33:01.610
570,40,männlich,60089,Bar,2013-05-22 03:40:26.925,
571,43,männlich,77274,Bar,2012-11-15 23:25:01.655,2013-07-28 14:34:25.619
572,91,männlich,49592,Kreditkarte,2012-02-01 11:07:39.422,2012-11-16 03:59:26.280
573,40,weiblich,36272,Bar,2012-02-08 18:28:03.013,
574,51,männlich,30636,Bar,2011-08-17 02:56:59.525,
575,46,weiblich,58790,Kreditkarte,2012-01-22 18:01:37.974,2013-07-26 11:28:44.759
576,76,weiblich,92029,Bar,2013-07-07 13:33:38.164,2013-08-01 09:20:29.593
577,54,männlich,39394,Bar,2011-02-13 20:59:57.848,2013-12-24 02:25:13.398
578,17,weiblich,45729,Kreditkarte,2012-07-04 07:24:02.081,
579,21,weiblich,60783,Check,2011-10-19 13:40:20.753,2011-12-30 23:42:49.408
580,18,weiblich,90336,Kreditkarte,2012-01-15 07:03:56.189,
581,20,weiblich,64400,Kreditkarte,2012-07-28 01:58:09.719,
582,27,männlich,51655,Bar,2012-01-12 11:11:06.954,
583,28,männlich,38006,Kreditkarte,2011-09-09 05:43:28.046,
584,44,weiblich,68770,Kreditkarte,2011-03-09 00:04:12.117,2011-06-16 04:14:34.452
585,21,männlich,19111,Kreditkarte,2013-05-15 14:36:10.922,
586,32,männlich,69546,Bar,2013-06-26 08:05:00.142,2013-11-09 02:14:20.440
587,37,weiblich,48232,Bar,2011-09-18 23:24:45.145,2013-06-01 17:54:16.754
588,18,männlich,52544,Bar,2011-06-09 06:31:10.991,2013-07-21 19:09:04.199
589,89,weiblich,47553,Kreditkarte,2011-07-12 01:00:56.800,2014-03-01 22:36:44.399
590,41,männlich,15024,Kreditkarte,2012-07-14 08:36:43.230,
591,72,männlich,38543,Bar,2011-12-21 19:04:33.156,
592,29,weiblich,52846,Check,2011-11-26 11:47:12.291,2012-07-31 20:31:52.214
593,46,männlich,36093,Kreditkarte,2012-11-08 07:51:59.251,
594,61,weiblich,54446,Bar,2011-05-30 11:53:08.508,2013-10-01 23:22:29.743
595,20,männlich,53362,Kreditkarte,2013-03-15 10:30:12.156,
596,45,männlich,43429,Kreditkarte,2012-04-28 06:07:33.917,
597,62,weiblich,42028,Kreditkarte,2011-03-01 08:08:24.814,2011-08-24 15:33:51.020
598,51,männlich,67218,Kreditkarte,2013-04-22 00:20:08.983,2013-08-20 23:33:20.119
599,74,weiblich,38695,Kreditkarte,2012-11-13 03:31:20.771,
600,48,männlich,54172,Kreditkarte,2013-07-15 13:38:34.972,2014-02-05 05:25:35.934
601,28,männlich,45987,Bar,2013-05-16 10:38:14.616,
602,46,weiblich,33865,Kreditkarte,2012-12-05 08:42:30.877,2012-12-07 17:15:16.872
603,32,weiblich,33871,Kreditkarte,2011-09-25 21:09:42.707,2014-03-04 06:06:47.740
604,53,weiblich,35761,Bar,2011-03-21 12:35:21.050,2013-07-01 13:55:23.526
605,57,männlich,40103,Kreditkarte,2011-10-22 04:39:09.933,
606,22,männlich,44088,Bar,2012-04-18 01:29:06.543,2013-10-06 09:14:35.891
607,49,männlich,67735,Kreditkarte,2011-12-12 07:40:26.667,
608,63,männlich,47988,Kreditkarte,2011-12-13 20:40:17.093,2013-01-30 10:00:58.308
609,90,männlich,65403,Kreditkarte,2013-11-20 05:58:14.289,2014-02-28 14:34:47.859
610,57,männlich,48606,Check,2010-12-24 20:04:37.762,2011-01-15 06:09:53.055
611,28,weiblich,66950,Kreditkarte,2012-07-18 16:57:42.609,
612,17,weiblich,50461,Bar,2011-04-26 04:18:40.564,
613,50,männlich,38314,Bar,2011-03-22 05:46:36.499,
614,51,männlich,73446,Kreditkarte,2012-06-11 10:45:44.068,
615,74,weiblich,40913,Kreditkarte,2013-07-13 01:58:25.349,2014-01-16 03:33:48.360
616,73,weiblich,80818,Kreditkarte,2011-06-30 19:40:35.998,2014-01-31 10:06:14.375
617,52,männlich,36660,Bar,2011-05-09 12:22:20.365,
618,52,weiblich,55935,Kreditkarte,2011-08-02 05:29:05.115,2014-03-15 14:39:07.821
619,19,männlich,77118,Kreditkarte,2014-02-25 04:17:26.770,
620,54,männlich,85308,Bar,2011-06-13 19:20:45.516,2011-10-26 02:37:02.257
621,26,männlich,29697,Kreditkarte,2012-10-11 18:30:19.419,
622,25,weiblich,72128,Check,2011-01-08 21:34:06.226,
623,42,männlich,61892,Kreditkarte,2011-12-27 19:15:42.262,
624,78,weiblich,28282,Bar,2010-09-30 18:51:58.080,2011-09-16 11:19:29.356
625,34,männlich,43368,Kreditkarte,2012-08-20 12:46:56.408,
626,19,weiblich,40580,Kreditkarte,2013-04-12 14:05:47.267,2014-02-07 19:02:51.693
627,27,weiblich,42846,Bar,2013-04-12 03:05:58.746,2013-07-02 04:55:59.376
628,81,männlich,35669,Kreditkarte,2012-09-06 09:29:01.820,
629,32,weiblich,43143,Check,2011-04-11 09:33:25.526,2013-03-12 07:08:14.360
630,70,männlich,54630,Bar,2012-05-19 00:16:56.197,
631,23,weiblich,34991,Kreditkarte,2012-08-30 11:43:58.377,2012-12-10 18:27:25.769
632,17,weiblich,66583,Kreditkarte,2013-06-23 21:49:23.730,
633,19,männlich,49110,Bar,2012-10-23 20:14:38.703,
634,42,weiblich,53027,Kreditkarte,2011-03-11 13:56:54.433,2013-08-05 18:22:18.817
635,27,weiblich,49973,Kreditkarte,2012-05-27 17:53:17.094,
636,57,weiblich,50791,Kreditkarte,2011-05-04 23:15:05.473,2012-07-23 13:06:41.355
637,57,männlich,99575,Kreditkarte,2011-12-03 14:46:44.600,
638,67,männlich,62370,Bar,2011-05-21 02:09:44.525,
639,63,weiblich,36906,Check,2012-07-09 12:44:42.848,2013-05-14 08:17:42.316
640,40,weiblich,17193,Kreditkarte,2011-05-09 01:26:05.658,2013-05-29 07:55:11.522
641,21,männlich,59105,Bar,2012-03-16 07:22:53.229,
642,58,weiblich,27739,Kreditkarte,2011-04-02 07:49:51.725,2012-01-17 18:07:20.395
643,23,männlich,38030,Bar,2012-11-15 23:15:28.499,
644,76,männlich,33937,Kreditkarte,2011-08-16 09:02:05.044,2012-08-26 15:13:08.960
645,73,weiblich,21273,Bar,2011-06-20 15:26:22.466,
646,40,weiblich,65779,Bar,2012-06-14 03:38:04.998,2013-09-16 21:46:39.351
647,33,männlich,33334,Kreditkarte,2012-02-05 04:24:49.265,
648,54,männlich,36325,Kreditkarte,2012-09-20 00:47:10.260,
649,17,weiblich,49967,Kreditkarte,2013-09-10 08:15:13.244,
650,51,männlich,34635,Bar,2011-03-03 04:10:55.769,2012-05-29 13:03:24.316
651,48,weiblich,33149,Kreditkarte,2011-02-17 07:01:09.236,
652,43,männlich,78662,Kreditkarte,2012-08-20 19:23:42.436,
653,36,männlich,58968,Kreditkarte,2012-03-23 21:46:55.912,2013-08-02 19:35:44.923
654,22,weiblich,69095,Kreditkarte,2013-06-11 03:07:16.048,
655,62,männlich,10807,Kreditkarte,2012-07-12 11:18:28.880,2013-10-10 23:23:32.160
656,43,männlich,48179,Kreditkarte,2011-12-03 18:10:08.901,
657,42,weiblich,41039,Kreditkarte,2013-02-11 16:24:06.932,
658,22,männlich,46123,Bar,2013-11-12 10:30:50.797,
659,64,männlich,50442,Kreditkarte,2012-09-13 16:05:43.233,2013-03-21 01:53:42.537
660,34,männlich,40841,Check,2011-12-20 09:36:31.503,
661,42,weiblich,37897,Kreditkarte,2011-08-31 15:51:50.956,2013-07-30 22:24:00.034
662,19,weiblich,48497,Bar,2010-12-20 12:22:56.292,2012-01-14 20:30:00.386
663,36,männlich,69730,Kreditkarte,2012-10-03 03:36:10.166,
664,39,männlich,29475,Kreditkarte,2013-05-31 08:32:12.660,
665,83,männlich,67645,Kreditkarte,2011-09-24 05:55:44.641,2012-11-22 23:05:46.781
666,28,weiblich,30163,Kreditkarte,2012-05-22 02:43:01.696,
667,68,männlich,44961,Bar,2011-09-10 12:58:49.335,2012-10-23 19:05:50.300
668,48,männlich,44647,Kreditkarte,2012-10-19 11:15:19.224,2013-01-15 01:38:18.425
669,60,weiblich,82609,Kreditkarte,2011-12-22 22:39:52.222,2012-03-28 22:15:51.733
670,76,männlich,82609,Kreditkarte,2012-02-29 08:36:16.015,2013-02-04 09:25:23.623
671,50,weiblich,55044,Check,2011-07-01 12:12:39.733,2012-02-26 06:18:19.700
672,21,weiblich,61102,Kreditkarte,2012-04-27 04:40:16.379,
673,46,weiblich,86102,Kreditkarte,2010-10-17 18:01:51.891,
674,35,weiblich,49061,Kreditkarte,2013-08-20 11:43:36.252,
675,27,männlich,40411,Check,2012-08-07 16:58:32.792,
676,39,männlich,58408,Kreditkarte,2012-09-14 00:35:33.349,
677,61,männlich,53729,Kreditkarte,2012-10-22 08:33:00.423,2013-08-09 00:58:24.964
678,20,weiblich,33908,Kreditkarte,2011-12-01 07:10:40.301,
679,22,weiblich,66781,Kreditkarte,2013-07-01 19:23:47.456,
680,53,weiblich,89052,Kreditkarte,2011-06-19 08:05:07.658,2011-07-28 03:29:08.545
681,20,männlich,42188,Bar,2013-09-03 00:43:10.407,
682,34,männlich,42900,Kreditkarte,2012-09-05 18:00:26.562,
683,52,männlich,50234,Kreditkarte,2012-07-14 22:19:37.579,2014-04-03 00:49:13.952
684,36,männlich,67018,Kreditkarte,2012-05-21 06:03:36.573,
685,52,weiblich,27575,Kreditkarte,2011-07-05 20:15:38.530,2011-09-07 09:35:15.663
686,28,männlich,51401,Kreditkarte,2013-01-24 15:54:22.264,
687,40,männlich,26401,Kreditkarte,2012-11-22 00:37:08.761,2013-07-14 14:50:34.086
688,32,männlich,49118,Kreditkarte,2012-07-11 13:36:21.581,2013-04-18 18:41:25.545
689,18,weiblich,50694,Kreditkarte,2012-12-06 16:16:16.528,
690,22,weiblich,65104,Check,2012-05-11 15:33:27.082,2012-12-06 16:32:32.913
691,81,männlich,39544,Kreditkarte,2011-08-21 05:06:44.327,
692,52,weiblich,36898,Bar,2012-04-13 03:32:03.088,2013-04-12 08:06:51.514
693,76,weiblich,52874,Kreditkarte,2011-01-25 07:34:44.280,2014-01-15 09:26:54.651
694,43,männlich,51970,Kreditkarte,2012-10-10 08:58:51.081,2013-03-15 08:10:47.418
695,23,männlich,64819,Kreditkarte,2012-04-06 07:40:35.759,
696,34,männlich,63650,Kreditkarte,2011-04-11 13:46:44.684,
697,38,weiblich,42954,Kreditkarte,2011-12-04 01:54:14.042,
698,33,weiblich,32199,Kreditkarte,2011-11-29 04:58:49.637,2012-03-31 16:14:30.856
699,48,männlich,63542,Bar,2012-04-22 03:39:49.551,2012-11-08 17:23:59.610
700,41,männlich,77703,Bar,2011-11-18 09:40:40.625,2013-02-13 02:39:54.233
701,78,männlich,79357,Kreditkarte,2011-08-31 16:27:34.758,2013-06-19 14:16:25.515
702,51,weiblich,46667,Kreditkarte,2012-03-18 15:20:54.303,
703,42,männlich,46028,Kreditkarte,2012-10-08 09:47:53.080,
704,72,männlich,30342,Bar,2011-02-04 05:03:09.795,2011-05-23 17:33:32.281
705,20,weiblich,57700,Bar,2011-10-24 06:46:24.692,
706,69,männlich,64284,Bar,2011-03-26 19:25:25.843,2011-06-20 12:04:24.789
707,37,männlich,34370,Bar,2011-04-19 11:25:53.657,2012-05-13 15:04:19.335
708,45,weiblich,52589,Kreditkarte,2011-03-17 10:13:44.621,2012-07-24 06:08:07.142
709,77,weiblich,33541,Kreditkarte,2011-01-08 07:41:00.609,2011-03-16 01:12:23.627
710,79,männlich,57524,Kreditkarte,2011-04-23 02:13:14.086,
711,56,männlich,40655,Kreditkarte,2012-03-30 17:04:52.039,
712,44,männlich,84612,Kreditkarte,2012-10-06 05:27:07.678,
713,30,männlich,27870,Bar,2012-09-14 05:17:06.257,
714,50,weiblich,60075,Bar,2011-10-30 18:01:31.683,
715,57,männlich,53043,Bar,2010-11-13 04:14:38.378,2011-05-05 06:13:53.904
716,42,männlich,37886,Kreditkarte,2013-03-06 20:16:16.118,2014-03-08 16:55:33.898
717,64,weiblich,87301,Bar,2011-05-17 10:12:43.068,2013-05-15 01:05:59.587
718,50,weiblich,49269,Bar,2012-09-30 18:02:36.266,2013-09-25 04:42:51.829
719,28,männlich,38072,Bar,2012-10-19 14:07:22.223,
720,50,männlich,65029,Bar,2013-06-18 19:49:10.870,2014-04-01 17:12:51.578
721,41,weiblich,43119,Kreditkarte,2012-05-19 14:28:20.438,2012-10-02 20:27:26.086
722,64,weiblich,53130,Kreditkarte,2011-02-09 02:14:49.085,2011-08-11 17:27:00.884
723,81,weiblich,61905,Kreditkarte,2012-06-03 18:53:20.334,2013-10-20 16:53:50.597
724,48,weiblich,53376,Bar,2011-12-26 11:19:58.861,2013-09-25 03:18:05.789
725,84,männlich,64542,Kreditkarte,2011-11-02 05:22:57.536,
726,29,männlich,34249,Kreditkarte,2012-03-14 17:07:29.464,
727,26,männlich,11286,Bar,2013-05-19 18:15:41.953,
728,42,weiblich,76021,Kreditkarte,2012-01-31 21:36:15.830,2013-06-28 07:37:36.944
729,40,weiblich,33216,Kreditkarte,2010-11-03 17:39:10.197,2012-07-01 05:34:53.209
730,79,männlich,63945,Kreditkarte,2011-09-09 03:31:39.644,
731,70,männlich,62107,Kreditkarte,2011-12-24 13:09:56.966,2013-01-01 18:59:21.756
732,51,männlich,83142,Check,2010-08-31 19:15:46.765,2011-04-03 03:45:44.482
733,24,weiblich,41329,Check,2011-02-22 15:27:47.713,2014-03-31 05:45:47.645
734,17,weiblich,43452,Kreditkarte,2011-11-08 17:01:34.507,
735,17,männlich,64133,Kreditkarte,2012-04-18 03:32:13.534,
736,18,männlich,49927,Kreditkarte,2012-09-27 11:19:08.494,
737,45,männlich,32767,Kreditkarte,2013-01-01 17:18:44.669,
738,51,männlich,56563,Bar,2011-11-16 08:14:59.755,2014-03-22 23:15:13.053
739,17,männlich,32837,Kreditkarte,2012-03-28 17:32:17.298,
740,74,weiblich,91027,Kreditkarte,2011-06-08 03:40:18.715,2013-03-23 15:44:03.685
741,35,weiblich,33983,Kreditkarte,2011-03-14 12:12:07.339,2012-03-03 22:59:36.106
742,19,männlich,60732,Bar,2012-12-02 00:58:03.223,
743,24,männlich,65557,Kreditkarte,2012-11-20 13:33:59.092,
744,58,männlich,28595,Kreditkarte,2012-11-24 10:01:50.336,
745,45,weiblich,72772,Kreditkarte,2011-10-12 08:59:24.276,2011-12-10 17:24:58.192
746,43,weiblich,28553,Kreditkarte,2011-01-03 23:34:23.305,2011-10-11 12:01:44.256
747,76,weiblich,80391,Bar,2011-08-12 08:18:51.759,2012-12-15 02:14:25.595
748,58,weiblich,36933,Bar,2012-09-24 17:55:32.595,
749,33,männlich,39032,Check,2013-03-17 14:47:09.317,
750,81,männlich,62427,Bar,2010-04-05 04:20:17.764,2012-08-22 14:38:22.193
751,20,weiblich,49337,Kreditkarte,2012-08-25 22:34:47.573,
752,52,männlich,77479,Bar,2011-06-30 00:37:24.393,2013-01-31 17:38:52.544
753,22,männlich,26537,Bar,2012-04-02 02:00:08.251,
754,18,weiblich,30900,Kreditkarte,2012-07-25 15:06:36.320,
755,65,männlich,69102,Bar,2012-08-28 06:44:10.111,2012-12-28 00:14:52.656
756,17,weiblich,52589,Kreditkarte,2013-02-19 08:32:24.565,
757,29,weiblich,38976,Kreditkarte,2012-11-02 00:39:07.931,
758,72,weiblich,43258,Kreditkarte,2011-04-11 10:17:19.587,2012-12-09 10:02:09.593
759,39,männlich,46951,Bar,2012-02-16 14:53:08.028,2012-09-20 03:46:41.102
760,33,männlich,48264,Check,2013-12-04 22:59:35.525,2014-01-02 03:15:10.565
761,52,männlich,63369,Kreditkarte,2011-10-20 03:37:33.520,
762,62,männlich,49306,Kreditkarte,2012-11-22 09:36:04.813,
763,17,männlich,62064,Kreditkarte,2012-12-03 03:53:10.803,
764,30,weiblich,30018,Kreditkarte,2012-05-22 06:12:53.186,
765,30,weiblich,43859,Kreditkarte,2011-10-31 12:24:21.739,
766,59,weiblich,62682,Bar,2011-11-20 20:34:16.245,2012-09-08 12:07:07.522
767,40,weiblich,54206,Bar,2013-05-09 06:17:33.188,2014-01-09 20:20:16.227
768,26,männlich,38655,Kreditkarte,2012-10-04 00:05:42.888,
769,51,weiblich,48891,Kreditkarte,2013-06-21 22:12:57.814,2014-04-04 01:35:18.211
770,59,männlich,58251,Kreditkarte,2012-05-24 16:51:18.948,
771,30,männlich,78942,Kreditkarte,2012-10-07 07:28:05.909,
772,54,männlich,43132,Bar,2011-09-17 23:21:05.200,2012-09-06 23:50:07.507
773,39,männlich,52829,Kreditkarte,2013-06-11 07:10:51.312,
774,37,männlich,70737,Kreditkarte,2012-12-14 15:43:31.842,
775,37,weiblich,49215,Check,2011-11-11 11:02:38.486,2012-03-23 00:53:16.512
776,43,weiblich,54257,Bar,2011-06-25 09:49:29.860,
777,42,männlich,78568,Bar,2010-10-27 04:56:56.694,2010-10-29 07:42:00.096
778,36,männlich,54019,Kreditkarte,2012-06-25 07:15:56.482,
779,43,männlich,32241,Bar,2011-06-01 02:11:30.860,2014-02-16 21:13:32.385
780,30,weiblich,47569,Kreditkarte,2013-01-06 12:33:25.763,
781,38,weiblich,39697,Kreditkarte,2011-07-13 17:32:36.239,2011-09-04 05:53:19.314
782,67,weiblich,86731,Kreditkarte,2012-07-17 00:23:33.395,2013-01-25 14:37:27.334
783,18,männlich,62937,Kreditkarte,2012-09-03 04:32:26.570,
784,71,männlich,47804,Bar,2011-02-26 22:25:16.315,2013-09-19 06:30:38.385
785,45,männlich,23746,Check,2012-02-18 13:25:39.807,2013-01-31 08:30:40.584
786,59,weiblich,73437,Kreditkarte,2010-12-09 15:04:42.920,2011-09-17 08:13:41.623
787,39,weiblich,61534,Kreditkarte,2013-09-23 09:18:25.490,2014-02-16 20:14:30.998
788,41,männlich,60310,Kreditkarte,2012-07-22 05:14:58.776,
789,70,männlich,65092,Bar,2011-10-26 09:01:17.096,2013-11-01 03:22:25.082
790,31,männlich,24626,Bar,2013-01-02 10:46:02.297,2013-12-20 00:29:27.190
791,91,männlich,51913,Kreditkarte,2011-08-14 22:28:10.165,2012-01-03 13:05:36.454
792,59,männlich,24389,Kreditkarte,2013-01-31 01:52:49.866,
793,47,männlich,59259,Kreditkarte,2012-07-17 18:32:28.730,
794,56,weiblich,44254,Kreditkarte,2011-01-23 05:26:39.525,2013-06-25 11:52:45.652
795,44,männlich,30851,Bar,2011-11-17 23:18:20.623,
796,78,männlich,51526,Kreditkarte,2011-07-19 15:26:28.789,2012-07-20 13:02:06.875
797,35,weiblich,33921,Kreditkarte,2011-03-04 07:14:49.418,2011-03-13 08:14:00.065
798,27,männlich,53939,Kreditkarte,2013-08-19 05:20:04.868,2013-12-10 03:19:04.951
799,57,männlich,52925,Bar,2011-06-06 15:31:43.122,2011-10-22 11:37:43.892
800,21,männlich,61009,Kreditkarte,2012-06-25 10:26:20.490,
801,53,männlich,62584,Kreditkarte,2013-03-07 05:13:14.030,
802,90,weiblich,60803,Kreditkarte,2012-01-27 15:49:09.446,
803,32,männlich,26753,Kreditkarte,2013-09-23 15:20:23.840,2014-02-02 22:00:58.023
804,41,weiblich,60180,Bar,2012-03-15 03:57:16.351,2013-08-24 08:23:15.083
805,47,weiblich,55954,Kreditkarte,2011-12-05 21:56:03.178,2013-01-26 20:54:14.770
806,90,männlich,27168,Kreditkarte,2011-10-25 02:23:28.923,2012-12-18 08:35:54.319
807,72,männlich,43205,Bar,2011-09-26 11:37:51.889,2013-10-17 04:08:02.701
808,42,männlich,41534,Bar,2011-04-18 21:35:51.039,
809,59,männlich,64283,Check,2011-05-14 12:22:43.649,2013-08-15 19:51:43.133
810,29,weiblich,58383,Bar,2012-12-23 14:31:44.919,
811,39,männlich,66555,Kreditkarte,2012-11-12 07:53:41.274,
812,41,weiblich,69803,Check,2012-04-05 06:14:05.125,
813,28,weiblich,58653,Bar,2011-04-12 04:09:05.077,2012-02-24 19:39:22.408
814,72,weiblich,41811,Kreditkarte,2013-10-21 17:31:26.172,2014-02-13 02:04:34.418
815,45,weiblich,47473,Check,2012-02-29 02:51:16.857,
816,26,weiblich,34700,Kreditkarte,2013-08-09 07:54:10.620,
817,29,weiblich,30742,Kreditkarte,2013-08-06 18:50:19.597,
818,28,weiblich,66489,Kreditkarte,2012-08-08 17:48:07.901,
819,21,männlich,61250,Kreditkarte,2012-02-03 16:15:12.361,2014-03-29 14:18:30.181
820,40,männlich,49624,Kreditkarte,2013-04-10 20:43:42.793,
821,85,männlich,58513,Kreditkarte,2012-01-05 20:02:41.124,
822,50,weiblich,48561,Kreditkarte,2013-02-26 16:22:13.712,
823,21,männlich,66510,Kreditkarte,2012-09-29 03:37:03.338,
824,60,weiblich,37971,Kreditkarte,2010-12-27 02:27:25.175,2011-01-27 00:05:56.601
825,76,weiblich,27734,Bar,2012-12-26 15:26:58.784,
826,84,weiblich,49560,Kreditkarte,2011-12-24 17:36:55.240,2012-03-15 22:50:16.997
827,49,weiblich,42646,Kreditkarte,2012-02-12 09:34:03.848,2012-12-12 07:23:10.399
828,39,weiblich,64855,Bar,2011-10-05 05:38:19.821,2012-10-01 02:09:33.843
829,17,männlich,70783,Kreditkarte,2012-10-25 18:53:02.003,
830,54,weiblich,23851,Kreditkarte,2010-09-01 00:40:41.008,2011-04-22 06:29:25.591
831,64,männlich,48600,Bar,2013-05-04 00:49:14.339,
832,32,männlich,66295,Bar,2012-11-26 18:08:40.583,
833,35,männlich,63033,Bar,2013-02-10 14:41:35.995,
834,34,männlich,28003,Bar,2013-02-05 06:09:36.160,
835,33,weiblich,99999,Kreditkarte,2012-01-06 04:10:55.020,2012-10-27 04:21:55.345
836,22,männlich,50974,Kreditkarte,2012-11-06 16:20:27.573,
837,73,weiblich,43939,Check,2012-04-02 11:32:22.464,2013-05-23 09:06:38.854
838,39,männlich,76903,Kreditkarte,2012-02-09 04:10:56.961,
839,47,weiblich,44793,Bar,2012-06-13 21:31:38.950,2012-10-11 03:46:03.659
840,26,weiblich,53954,Kreditkarte,2013-10-07 12:18:48.681,
841,67,männlich,42615,Bar,2012-01-03 02:17:34.796,2012-04-09 04:42:27.705
842,52,männlich,46698,Kreditkarte,2013-07-08 19:49:01.804,
843,23,weiblich,54270,Kreditkarte,2013-02-17 14:16:40.136,
844,61,weiblich,66121,Bar,2012-07-19 22:57:15.575,2013-05-18 05:05:09.541
845,55,weiblich,51185,Kreditkarte,2013-04-07 09:26:39.509,
846,71,männlich,59439,Check,2012-07-05 22:50:20.264,2012-07-28 21:33:07.904
847,42,weiblich,56726,Kreditkarte,2011-07-09 01:57:22.603,
848,42,männlich,63864,Kreditkarte,2013-04-16 23:38:53.523,
849,69,weiblich,40400,Bar,2012-02-04 03:48:53.657,2012-06-22 14:10:05.000
850,34,männlich,59787,Bar,2012-11-28 01:56:30.188,
851,20,weiblich,23320,Kreditkarte,2012-11-11 00:58:51.519,
852,86,männlich,49695,Kreditkarte,2011-07-19 16:35:11.255,2012-12-07 18:13:51.646
853,44,männlich,24888,Check,2012-12-07 11:54:04.267,2013-08-01 18:07:21.829
854,83,weiblich,50237,Bar,2012-02-27 17:16:17.105,2014-01-04 22:35:52.712
855,25,männlich,70795,Kreditkarte,2012-11-21 00:00:31.399,
856,45,männlich,39874,Bar,2011-01-25 19:17:05.023,2012-06-01 04:01:50.132
857,19,männlich,50286,Kreditkarte,2012-10-12 06:14:18.257,
858,45,männlich,53800,Kreditkarte,2012-12-05 05:53:59.201,2012-12-10 03:45:04.891
859,43,weiblich,16287,Kreditkarte,2011-03-29 12:37:27.052,2012-08-19 09:40:50.529
860,31,männlich,36385,Kreditkarte,2013-05-16 09:21:06.220,
861,90,weiblich,43806,Bar,2011-07-20 16:27:28.933,2013-06-19 00:21:03.865
862,20,männlich,52813,Kreditkarte,2012-09-06 07:12:16.459,
863,56,männlich,47047,Kreditkarte,2012-12-08 18:01:37.596,
864,61,weiblich,39874,Kreditkarte,2011-05-08 16:53:39.417,2013-11-16 12:53:04.638
865,20,männlich,64312,Kreditkarte,2012-02-08 02:15:10.059,
866,25,weiblich,39757,Kreditkarte,2012-09-18 11:27:41.412,
867,45,männlich,51205,Bar,2012-12-15 10:20:16.297,2014-01-21 19:32:58.594
868,38,weiblich,54545,Kreditkarte,2012-06-15 08:48:51.900,2013-11-07 16:34:02.958
869,37,männlich,60887,Check,2012-01-17 04:46:46.310,2014-01-03 08:46:25.328
870,44,männlich,46154,Kreditkarte,2012-08-02 01:56:20.644,
871,51,männlich,50300,Kreditkarte,2012-09-21 14:00:47.638,
872,27,männlich,52384,Kreditkarte,2012-10-25 18:07:20.067,
873,42,weiblich,77948,Bar,2011-11-20 18:11:31.771,2012-04-04 08:55:34.941
874,37,männlich,60214,Kreditkarte,2012-05-25 06:40:30.475,
875,20,männlich,62265,Bar,2012-11-10 17:04:44.526,
876,55,weiblich,36295,Kreditkarte,2011-03-08 13:54:49.542,
877,64,männlich,45682,Kreditkarte,2012-11-12 13:31:02.618,
878,56,männlich,35853,Kreditkarte,2011-11-18 20:52:55.831,
879,66,weiblich,56713,Bar,2011-12-16 09:59:45.663,2012-01-11 11:30:36.712
880,69,weiblich,78832,Kreditkarte,2012-04-19 11:21:27.345,2013-08-19 14:55:09.782
881,89,männlich,48859,Bar,2012-09-12 14:28:34.615,2013-04-30 17:32:51.306
882,41,männlich,50719,Kreditkarte,2012-12-04 09:06:02.085,2014-04-03 07:42:10.716
883,48,männlich,45436,Kreditkarte,2012-07-01 23:19:32.172,
884,38,männlich,59830,Kreditkarte,2012-08-01 14:27:35.768,
885,38,männlich,52214,Bar,2011-11-05 07:37:44.319,2014-01-12 14:22:07.971
886,67,männlich,39913,Bar,2011-03-03 04:54:50.025,2011-09-25 07:04:41.461
887,87,männlich,94741,Check,2011-07-13 04:12:01.479,2013-11-23 02:59:52.702
888,29,männlich,65985,Bar,2013-04-19 23:32:37.893,
889,51,weiblich,34487,Kreditkarte,2012-01-05 05:15:28.713,2012-07-04 22:22:45.031
890,31,männlich,71111,Kreditkarte,2012-11-16 15:48:29.697,
891,34,weiblich,62628,Kreditkarte,2011-08-13 11:54:07.747,2013-03-30 08:30:02.192
892,32,männlich,50469,Kreditkarte,2012-07-13 06:58:22.842,
893,26,weiblich,62144,Check,2010-10-10 04:03:10.165,
894,65,männlich,96532,Kreditkarte,2013-02-08 11:39:22.711,
895,43,männlich,88362,Kreditkarte,2012-09-05 09:00:30.163,
896,45,weiblich,66250,Kreditkarte,2012-03-26 14:43:21.116,2014-01-09 21:13:40.174
897,57,weiblich,43336,Bar,2012-11-09 17:28:30.065,
898,34,männlich,51215,Kreditkarte,2013-07-04 06:42:43.315,2013-10-20 20:22:08.035
899,18,weiblich,63802,Kreditkarte,2013-07-07 12:45:13.844,2013-12-27 12:51:02.932
900,70,weiblich,49261,Bar,2012-03-04 05:38:56.536,
901,75,weiblich,39868,Kreditkarte,2012-06-19 02:13:46.536,2013-06-06 14:11:53.776
902,46,weiblich,53698,Kreditkarte,2012-07-05 07:33:14.651,
903,24,männlich,22184,Kreditkarte,2012-08-17 02:21:40.679,
904,52,männlich,29665,Kreditkarte,2012-03-03 23:48:34.030,
905,48,weiblich,60633,Bar,2011-04-16 18:43:55.243,
906,27,weiblich,24913,Bar,2011-05-04 01:16:58.216,2014-04-02 09:42:36.329
907,25,männlich,44612,Kreditkarte,2011-03-10 13:47:03.299,2013-06-15 22:26:33.141
908,26,männlich,70311,Kreditkarte,2013-05-16 01:43:46.007,
909,57,männlich,55530,Bar,2010-12-12 01:46:23.849,2011-09-06 12:53:03.541
910,66,weiblich,75966,Kreditkarte,2012-09-24 10:22:02.996,2012-12-20 07:54:36.270
911,49,männlich,47306,Kreditkarte,2012-09-12 15:27:57.982,
912,55,weiblich,40078,Kreditkarte,2012-01-19 04:07:57.091,
913,24,weiblich,44189,Bar,2012-01-25 11:52:21.430,2013-10-17 18:39:17.668
914,63,weiblich,42056,Bar,2012-06-18 15:31:09.259,
915,52,weiblich,53755,Kreditkarte,2012-02-14 12:28:54.142,2013-12-07 15:48:44.024
916,25,männlich,53609,Bar,2012-07-09 18:08:56.836,
917,30,weiblich,64043,Kreditkarte,2012-04-01 13:18:55.474,
918,63,männlich,35219,Check,2012-09-26 18:44:33.357,2013-12-04 04:35:41.866
919,76,weiblich,40901,Kreditkarte,2012-01-12 13:12:29.400,2013-12-11 12:01:53.189
920,69,weiblich,46854,Check,2012-05-18 13:12:19.708,2012-11-01 14:38:05.896
921,43,weiblich,20288,Bar,2011-10-26 18:28:44.308,2012-08-12 05:04:04.330
922,42,männlich,58915,Kreditkarte,2013-03-26 23:50:24.314,
923,51,männlich,13641,Kreditkarte,2013-02-19 10:32:44.737,
924,44,männlich,45679,Kreditkarte,2012-08-24 22:23:32.831,
925,51,männlich,62790,Kreditkarte,2013-06-09 22:18:34.748,
926,30,männlich,77176,Kreditkarte,2013-09-22 21:23:03.020,
927,48,männlich,55516,Check,2013-05-24 05:38:23.182,2013-11-14 02:57:13.757
928,28,weiblich,30225,Kreditkarte,2014-01-12 06:44:38.650,2014-02-24 18:33:06.094
929,50,männlich,71861,Kreditkarte,2012-06-29 10:44:43.695,2012-09-05 20:17:10.608
930,25,männlich,21183,Kreditkarte,2012-03-09 18:02:02.229,
931,56,männlich,64049,Bar,2013-03-27 09:19:38.306,2014-03-08 02:34:04.594
932,17,weiblich,69659,Kreditkarte,2012-02-21 03:49:07.492,2012-03-20 10:41:07.900
933,59,weiblich,24494,Kreditkarte,2012-02-06 06:06:16.539,2012-06-21 00:35:57.952
934,70,weiblich,61260,Bar,2011-12-28 10:20:26.229,2012-05-03 23:12:46.731
935,45,männlich,34225,Bar,2011-09-11 17:22:00.938,2014-03-20 08:19:55.123
936,43,männlich,41236,Bar,2012-07-29 12:34:12.052,2012-10-29 01:05:14.627
937,50,männlich,26307,Kreditkarte,2013-07-05 15:04:56.221,
938,46,männlich,29540,Bar,2011-11-18 00:00:32.393,2013-01-13 05:20:27.898
939,25,weiblich,42362,Kreditkarte,2012-03-05 11:22:19.945,
940,43,männlich,39166,Kreditkarte,2012-09-11 14:36:43.787,
941,29,männlich,59975,Bar,2012-02-02 05:58:45.986,
942,49,männlich,57187,Kreditkarte,2013-01-24 12:50:35.698,
943,43,weiblich,42348,Bar,2012-03-16 07:47:03.086,2012-05-11 10:48:17.482
944,35,männlich,55922,Bar,2012-10-25 22:46:40.760,2013-03-16 09:10:15.977
945,19,männlich,45513,Kreditkarte,2013-10-22 21:00:55.365,
946,76,männlich,55069,Bar,2011-09-22 09:26:32.094,2012-04-13 22:41:47.788
947,53,weiblich,40978,Kreditkarte,2012-04-07 08:44:17.413,
948,64,weiblich,81386,Kreditkarte,2012-06-06 20:54:05.905,2013-01-23 05:49:55.991
949,42,weiblich,45116,Kreditkarte,2011-06-19 21:01:42.302,2012-03-21 18:48:00.558
950,53,männlich,68587,Kreditkarte,2013-07-04 00:05:59.662,
951,66,weiblich,52198,Kreditkarte,2012-05-09 19:33:13.579,2014-03-12 02:07:55.550
952,73,weiblich,60668,Bar,2012-10-21 17:59:33.897,2014-04-07 11:41:22.687
953,31,männlich,40708,Kreditkarte,2013-04-24 07:26:10.420,
954,68,männlich,47205,Kreditkarte,2012-05-12 19:08:56.919,2013-03-28 17:46:36.709
955,38,weiblich,81673,Kreditkarte,2011-09-02 02:38:54.455,2013-01-11 22:17:55.883
956,39,weiblich,66365,Kreditkarte,2012-09-26 05:46:18.401,2014-01-03 05:46:20.320
957,23,männlich,63964,Bar,2012-09-27 15:05:19.023,
958,52,weiblich,53426,Bar,2012-04-26 05:04:20.426,2012-06-07 06:26:28.818
959,38,männlich,42139,Kreditkarte,2014-01-22 17:05:28.146,
960,81,männlich,55845,Bar,2011-05-03 12:09:22.476,2011-08-15 04:27:31.463
961,20,männlich,68452,Bar,2012-02-07 03:16:27.557,2013-08-11 14:53:18.039
962,20,weiblich,59888,Kreditkarte,2013-03-12 05:43:51.553,2013-12-27 02:51:25.876
963,40,männlich,29641,Kreditkarte,2013-09-12 20:04:42.652,
964,29,männlich,60877,Bar,2012-10-24 23:31:10.768,2014-01-05 23:43:45.313
965,90,männlich,47016,Bar,2011-11-30 18:39:08.829,
966,42,weiblich,39315,Kreditkarte,2012-06-03 04:38:31.687,2014-02-26 06:50:51.619
967,80,männlich,52951,Check,2012-01-29 08:10:08.732,2012-11-08 14:01:04.668
968,43,männlich,56389,Kreditkarte,2013-03-25 13:17:28.046,2013-08-20 00:50:41.887
969,23,männlich,72253,Kreditkarte,2013-01-15 20:24:47.132,
970,29,weiblich,32410,Kreditkarte,2013-01-25 20:46:55.215,
971,44,weiblich,41173,Kreditkarte,2012-06-15 11:41:14.816,2012-08-02 02:42:29.243
972,37,männlich,36549,Bar,2013-04-25 04:32:37.428,2013-10-13 06:46:34.406
973,26,männlich,23720,Kreditkarte,2013-01-21 21:02:53.169,
974,21,männlich,43487,Kreditkarte,2012-11-25 06:04:20.816,
975,80,weiblich,50043,Check,2013-02-07 01:31:00.909,2013-11-24 15:34:12.647
976,50,männlich,76653,Bar,2012-02-23 15:53:47.901,2012-06-18 16:47:14.404
977,28,weiblich,46280,Kreditkarte,2013-09-22 02:34:34.673,
978,82,männlich,48847,Bar,2013-09-14 04:16:30.286,
979,64,männlich,60904,Kreditkarte,2013-05-06 12:06:58.385,
980,19,männlich,57129,Kreditkarte,2012-05-25 02:45:45.634,
981,29,weiblich,53081,Kreditkarte,2013-07-17 11:37:15.312,
982,84,männlich,42168,Kreditkarte,2011-10-14 08:08:13.847,
983,20,männlich,92731,Kreditkarte,2013-01-07 03:19:47.188,2013-09-13 21:05:55.170
984,19,männlich,61397,Kreditkarte,2013-03-24 13:23:52.612,
985,24,weiblich,40527,Kreditkarte,2013-09-12 06:49:11.257,
