,age,sex,kreditkarte,bar,check,was_canceled
0,0.6351351351351352,0,1.0,0.0,0.0,1
1,0.43243243243243246,1,1.0,0.0,0.0,1
2,0.0945945945945946,1,0.0,1.0,0.0,1
3,0.3783783783783784,0,1.0,0.0,0.0,0
4,0.3783783783783784,0,1.0,0.0,0.0,0
5,0.6621621621621622,1,0.0,1.0,0.0,1
6,0.8783783783783784,1,0.0,1.0,0.0,1
7,0.24324324324324328,1,1.0,0.0,0.0,0
8,0.0,1,1.0,0.0,0.0,0
9,0.472972972972973,0,0.0,1.0,0.0,1
10,0.43243243243243246,1,1.0,0.0,0.0,1
11,0.2162162162162162,1,1.0,0.0,0.0,1
12,0.31081081081081086,0,1.0,0.0,0.0,1
13,0.4864864864864865,1,1.0,0.0,0.0,1
14,0.6351351351351352,1,1.0,0.0,0.0,1
15,0.33783783783783783,1,1.0,0.0,0.0,1
16,0.6621621621621622,0,0.0,1.0,0.0,1
17,0.9054054054054054,1,0.0,1.0,0.0,0
18,0.22972972972972974,0,0.0,0.0,1.0,0
19,0.391891891891892,0,1.0,0.0,0.0,0
20,0.7297297297297298,1,1.0,0.0,0.0,1
21,0.6891891891891893,0,0.0,1.0,0.0,1
22,0.013513513513513514,1,0.0,1.0,0.0,1
23,0.43243243243243246,1,0.0,1.0,0.0,1
24,0.08108108108108111,1,1.0,0.0,0.0,0
25,0.2837837837837839,0,1.0,0.0,0.0,0
26,0.6486486486486487,1,0.0,1.0,0.0,1
27,0.06756756756756757,1,1.0,0.0,0.0,0
28,0.05405405405405403,0,1.0,0.0,0.0,0
29,0.2702702702702703,1,1.0,0.0,0.0,1
30,0.7162162162162163,1,1.0,0.0,0.0,1
31,0.864864864864865,0,0.0,1.0,0.0,1
32,0.4054054054054055,1,1.0,0.0,0.0,1
33,0.5135135135135136,0,0.0,1.0,0.0,1
34,0.33783783783783783,0,1.0,0.0,0.0,0
35,0.2837837837837839,0,1.0,0.0,0.0,0
36,0.5810810810810811,1,1.0,0.0,0.0,0
37,0.6891891891891893,0,1.0,0.0,0.0,0
38,0.06756756756756757,0,1.0,0.0,0.0,0
39,0.6216216216216217,0,0.0,1.0,0.0,1
40,0.5810810810810811,0,0.0,1.0,0.0,1
41,0.10810810810810809,0,1.0,0.0,0.0,1
42,0.9054054054054054,0,1.0,0.0,0.0,0
43,0.4864864864864865,0,1.0,0.0,0.0,1
44,0.4054054054054055,1,0.0,0.0,1.0,1
45,0.5000000000000001,1,0.0,0.0,1.0,1
46,0.472972972972973,0,1.0,0.0,0.0,1
47,0.10810810810810809,0,1.0,0.0,0.0,0
48,0.472972972972973,0,1.0,0.0,0.0,0
49,0.4054054054054055,0,0.0,1.0,0.0,1
50,0.4054054054054055,1,0.0,1.0,0.0,0
51,0.2162162162162162,1,1.0,0.0,0.0,0
52,0.7702702702702703,0,1.0,0.0,0.0,1
53,0.24324324324324328,0,1.0,0.0,0.0,0
54,0.24324324324324328,1,1.0,0.0,0.0,0
55,0.472972972972973,1,0.0,1.0,0.0,0
56,0.04054054054054054,0,1.0,0.0,0.0,0
57,0.44594594594594594,0,1.0,0.0,0.0,0
58,0.2837837837837839,0,0.0,0.0,1.0,0
59,0.6621621621621622,0,1.0,0.0,0.0,0
60,0.027027027027027056,0,1.0,0.0,0.0,0
61,0.33783783783783783,0,1.0,0.0,0.0,0
62,0.24324324324324328,1,1.0,0.0,0.0,1
63,0.9324324324324326,1,1.0,0.0,0.0,1
64,0.13513513513513517,1,1.0,0.0,0.0,0
65,0.22972972972972974,0,1.0,0.0,0.0,1
66,0.6351351351351352,1,1.0,0.0,0.0,1
67,0.6216216216216217,0,1.0,0.0,0.0,0
68,0.5540540540540541,1,1.0,0.0,0.0,1
69,0.6216216216216217,0,1.0,0.0,0.0,0
70,0.18918918918918923,0,1.0,0.0,0.0,0
71,0.2567567567567568,1,1.0,0.0,0.0,1
72,0.5540540540540541,1,0.0,1.0,0.0,1
73,0.05405405405405403,0,0.0,1.0,0.0,1
74,0.13513513513513517,1,1.0,0.0,0.0,0
75,0.3783783783783784,1,1.0,0.0,0.0,1
76,0.45945945945945954,0,1.0,0.0,0.0,0
77,0.33783783783783783,0,1.0,0.0,0.0,1
78,0.6756756756756758,1,1.0,0.0,0.0,1
79,0.5135135135135136,1,0.0,1.0,0.0,0
80,0.08108108108108111,1,1.0,0.0,0.0,1
81,0.2567567567567568,0,1.0,0.0,0.0,0
82,0.9729729729729731,1,0.0,1.0,0.0,1
83,0.6351351351351352,0,0.0,1.0,0.0,1
84,0.7432432432432433,0,1.0,0.0,0.0,0
85,0.2162162162162162,1,1.0,0.0,0.0,1
86,0.44594594594594594,1,1.0,0.0,0.0,1
87,0.7297297297297298,0,0.0,0.0,1.0,1
88,0.8378378378378378,0,1.0,0.0,0.0,0
89,0.45945945945945954,1,0.0,1.0,0.0,1
90,0.7432432432432433,1,0.0,1.0,0.0,1
91,0.5945945945945946,1,0.0,1.0,0.0,1
92,0.5675675675675677,1,1.0,0.0,0.0,0
93,0.43243243243243246,0,1.0,0.0,0.0,0
94,0.5000000000000001,1,0.0,0.0,1.0,1
95,0.12162162162162163,0,0.0,1.0,0.0,0
96,0.013513513513513514,0,0.0,1.0,0.0,0
97,0.2702702702702703,1,0.0,1.0,0.0,0
98,0.31081081081081086,0,1.0,0.0,0.0,0
99,0.33783783783783783,1,0.0,1.0,0.0,1
100,0.7027027027027027,0,1.0,0.0,0.0,0
101,0.0945945945945946,0,1.0,0.0,0.0,0
102,0.6081081081081082,1,0.0,1.0,0.0,1
103,0.29729729729729737,0,1.0,0.0,0.0,0
104,0.2702702702702703,1,1.0,0.0,0.0,0
105,0.06756756756756757,1,1.0,0.0,0.0,0
106,0.2837837837837839,0,0.0,1.0,0.0,1
107,0.14864864864864866,1,1.0,0.0,0.0,0
108,0.4864864864864865,0,1.0,0.0,0.0,0
109,0.2567567567567568,0,1.0,0.0,0.0,0
110,0.7972972972972975,1,0.0,0.0,1.0,1
111,0.33783783783783783,1,1.0,0.0,0.0,1
112,0.6486486486486487,0,0.0,1.0,0.0,1
113,0.6486486486486487,0,0.0,1.0,0.0,1
114,0.0945945945945946,0,1.0,0.0,0.0,0
115,0.18918918918918923,1,0.0,1.0,0.0,1
116,0.391891891891892,1,0.0,0.0,1.0,1
117,0.6891891891891893,0,1.0,0.0,0.0,0
118,0.33783783783783783,0,0.0,1.0,0.0,1
119,0.5135135135135136,1,1.0,0.0,0.0,0
120,0.5000000000000001,1,0.0,1.0,0.0,1
121,0.864864864864865,0,1.0,0.0,0.0,1
122,0.391891891891892,0,1.0,0.0,0.0,0
123,0.6216216216216217,1,1.0,0.0,0.0,0
124,0.7567567567567568,0,1.0,0.0,0.0,1
125,0.0,0,1.0,0.0,0.0,0
126,0.4864864864864865,1,0.0,1.0,0.0,1
127,0.0,1,1.0,0.0,0.0,0
128,1.0,1,0.0,0.0,1.0,0
129,0.24324324324324328,0,1.0,0.0,0.0,0
130,0.8513513513513514,1,0.0,1.0,0.0,1
131,0.24324324324324328,1,1.0,0.0,0.0,1
132,0.06756756756756757,1,1.0,0.0,0.0,0
133,0.6756756756756758,1,1.0,0.0,0.0,0
134,0.391891891891892,0,1.0,0.0,0.0,1
135,0.44594594594594594,1,1.0,0.0,0.0,1
136,0.44594594594594594,1,0.0,0.0,1.0,1
137,0.7432432432432433,1,1.0,0.0,0.0,0
138,0.10810810810810809,1,0.0,1.0,0.0,1
139,0.2837837837837839,1,1.0,0.0,0.0,1
140,0.17567567567567569,0,0.0,1.0,0.0,0
141,0.13513513513513517,0,1.0,0.0,0.0,0
142,0.20270270270270271,1,0.0,1.0,0.0,1
143,0.5270270270270271,0,1.0,0.0,0.0,1
144,0.16216216216216214,0,1.0,0.0,0.0,0
145,0.5540540540540541,0,1.0,0.0,0.0,0
146,0.2702702702702703,1,1.0,0.0,0.0,1
147,0.43243243243243246,0,0.0,1.0,0.0,0
148,0.027027027027027056,0,1.0,0.0,0.0,0
149,0.5405405405405406,0,1.0,0.0,0.0,0
150,0.13513513513513517,1,1.0,0.0,0.0,1
151,0.8243243243243245,1,0.0,1.0,0.0,1
152,0.16216216216216214,0,1.0,0.0,0.0,1
153,0.5675675675675677,0,0.0,1.0,0.0,1
154,0.6081081081081082,0,1.0,0.0,0.0,0
155,0.5405405405405406,1,1.0,0.0,0.0,1
156,0.16216216216216214,1,1.0,0.0,0.0,0
157,0.14864864864864866,1,1.0,0.0,0.0,0
158,0.45945945945945954,0,1.0,0.0,0.0,0
159,0.3783783783783784,0,1.0,0.0,0.0,1
160,0.918918918918919,1,0.0,1.0,0.0,1
161,0.45945945945945954,1,0.0,1.0,0.0,1
162,0.22972972972972974,0,1.0,0.0,0.0,0
163,0.6621621621621622,1,0.0,1.0,0.0,1
164,0.17567567567567569,0,1.0,0.0,0.0,0
165,0.9729729729729731,1,0.0,1.0,0.0,1
166,0.2162162162162162,1,1.0,0.0,0.0,1
167,0.0,1,0.0,1.0,0.0,1
168,0.44594594594594594,1,1.0,0.0,0.0,0
169,0.33783783783783783,0,0.0,0.0,1.0,1
170,0.22972972972972974,0,1.0,0.0,0.0,0
171,0.5135135135135136,1,0.0,1.0,0.0,0
172,0.7567567567567568,1,0.0,1.0,0.0,1
173,0.5675675675675677,0,1.0,0.0,0.0,1
174,0.4054054054054055,0,0.0,1.0,0.0,1
175,0.8243243243243245,1,0.0,1.0,0.0,1
176,0.7027027027027027,1,1.0,0.0,0.0,1
177,0.2837837837837839,0,0.0,1.0,0.0,1
178,0.0,1,1.0,0.0,0.0,1
179,0.06756756756756757,0,1.0,0.0,0.0,0
180,0.472972972972973,1,0.0,0.0,1.0,0
181,0.17567567567567569,1,1.0,0.0,0.0,1
182,0.2567567567567568,0,0.0,0.0,1.0,0
183,0.5810810810810811,1,0.0,1.0,0.0,1
184,0.08108108108108111,1,0.0,1.0,0.0,1
185,0.31081081081081086,0,1.0,0.0,0.0,1
186,0.13513513513513517,1,1.0,0.0,0.0,0
187,0.472972972972973,1,1.0,0.0,0.0,1
188,0.7837837837837839,0,1.0,0.0,0.0,1
189,0.31081081081081086,0,1.0,0.0,0.0,0
190,0.17567567567567569,0,1.0,0.0,0.0,0
191,0.33783783783783783,0,0.0,1.0,0.0,1
192,0.3513513513513514,1,0.0,1.0,0.0,0
193,0.5945945945945946,0,0.0,1.0,0.0,1
194,0.5270270270270271,0,1.0,0.0,0.0,0
195,0.45945945945945954,1,1.0,0.0,0.0,1
196,0.2702702702702703,0,1.0,0.0,0.0,0
197,0.0,0,0.0,0.0,1.0,0
198,0.17567567567567569,1,1.0,0.0,0.0,0
199,0.24324324324324328,1,0.0,1.0,0.0,1
200,0.10810810810810809,0,0.0,1.0,0.0,1
201,0.12162162162162163,0,1.0,0.0,0.0,0
202,0.2162162162162162,1,1.0,0.0,0.0,1
203,0.3513513513513514,1,1.0,0.0,0.0,1
204,0.05405405405405403,0,0.0,1.0,0.0,0
205,0.16216216216216214,0,1.0,0.0,0.0,0
206,0.22972972972972974,0,0.0,1.0,0.0,0
207,0.2162162162162162,1,1.0,0.0,0.0,1
208,0.0,0,1.0,0.0,0.0,0
209,0.8378378378378378,1,1.0,0.0,0.0,1
210,0.8378378378378378,0,1.0,0.0,0.0,0
211,0.472972972972973,0,1.0,0.0,0.0,0
212,0.6081081081081082,1,0.0,0.0,1.0,1
213,0.17567567567567569,1,1.0,0.0,0.0,0
214,0.24324324324324328,1,1.0,0.0,0.0,1
215,0.18918918918918923,0,1.0,0.0,0.0,0
216,0.4054054054054055,1,0.0,1.0,0.0,1
217,0.24324324324324328,0,1.0,0.0,0.0,0
218,0.5945945945945946,0,1.0,0.0,0.0,0
219,0.6081081081081082,0,1.0,0.0,0.0,0
220,0.5135135135135136,1,1.0,0.0,0.0,0
221,0.41891891891891897,0,0.0,0.0,1.0,1
222,0.9729729729729731,0,0.0,1.0,0.0,1
223,0.2162162162162162,1,1.0,0.0,0.0,1
224,0.44594594594594594,1,1.0,0.0,0.0,0
225,0.6216216216216217,0,0.0,0.0,1.0,1
226,0.6351351351351352,1,1.0,0.0,0.0,1
227,0.7702702702702703,0,1.0,0.0,0.0,1
228,0.2162162162162162,0,1.0,0.0,0.0,1
229,0.5135135135135136,0,0.0,0.0,1.0,1
230,0.864864864864865,0,1.0,0.0,0.0,0
231,0.864864864864865,1,1.0,0.0,0.0,0
232,0.44594594594594594,1,0.0,1.0,0.0,1
233,0.4864864864864865,0,0.0,1.0,0.0,0
234,0.5270270270270271,0,0.0,0.0,1.0,0
235,0.44594594594594594,1,1.0,0.0,0.0,1
236,0.2837837837837839,1,1.0,0.0,0.0,1
237,0.7297297297297298,0,1.0,0.0,0.0,0
238,0.013513513513513514,1,1.0,0.0,0.0,0
239,0.13513513513513517,1,1.0,0.0,0.0,0
240,0.13513513513513517,1,0.0,0.0,1.0,1
241,0.9324324324324326,1,1.0,0.0,0.0,1
242,0.8783783783783784,0,0.0,1.0,0.0,1
243,0.0945945945945946,0,0.0,1.0,0.0,0
244,0.16216216216216214,0,1.0,0.0,0.0,0
245,0.3783783783783784,0,1.0,0.0,0.0,0
246,0.24324324324324328,0,1.0,0.0,0.0,0
247,0.013513513513513514,1,1.0,0.0,0.0,0
248,0.9864864864864865,0,1.0,0.0,0.0,0
249,0.45945945945945954,0,1.0,0.0,0.0,0
250,0.13513513513513517,0,0.0,1.0,0.0,1
251,0.0945945945945946,1,1.0,0.0,0.0,0
252,0.14864864864864866,0,0.0,1.0,0.0,0
253,0.3513513513513514,1,0.0,0.0,1.0,1
254,0.05405405405405403,1,1.0,0.0,0.0,1
255,0.7837837837837839,1,1.0,0.0,0.0,1
256,0.45945945945945954,1,1.0,0.0,0.0,1
257,0.29729729729729737,0,1.0,0.0,0.0,0
258,0.391891891891892,0,1.0,0.0,0.0,0
259,0.22972972972972974,1,1.0,0.0,0.0,1
260,0.31081081081081086,0,1.0,0.0,0.0,1
261,0.2837837837837839,1,0.0,1.0,0.0,1
262,0.3783783783783784,0,1.0,0.0,0.0,0
263,0.41891891891891897,1,0.0,1.0,0.0,1
264,0.5135135135135136,0,1.0,0.0,0.0,1
265,0.0,1,0.0,0.0,1.0,1
266,0.6891891891891893,0,1.0,0.0,0.0,0
267,0.14864864864864866,0,1.0,0.0,0.0,0
268,0.12162162162162163,0,1.0,0.0,0.0,0
269,0.7567567567567568,1,0.0,1.0,0.0,1
270,0.5000000000000001,1,0.0,0.0,1.0,1
271,0.7162162162162163,0,1.0,0.0,0.0,0
272,0.5540540540540541,1,0.0,1.0,0.0,1
273,0.31081081081081086,0,1.0,0.0,0.0,0
274,0.6216216216216217,1,1.0,0.0,0.0,0
275,0.7837837837837839,1,0.0,1.0,0.0,0
276,0.29729729729729737,1,1.0,0.0,0.0,1
277,0.18918918918918923,0,0.0,1.0,0.0,0
278,0.9864864864864865,0,1.0,0.0,0.0,1
279,0.14864864864864866,0,1.0,0.0,0.0,1
280,0.3513513513513514,0,1.0,0.0,0.0,0
281,0.22972972972972974,0,1.0,0.0,0.0,0
282,0.5270270270270271,0,1.0,0.0,0.0,1
283,0.31081081081081086,0,1.0,0.0,0.0,0
284,0.29729729729729737,1,1.0,0.0,0.0,1
285,0.31081081081081086,1,0.0,1.0,0.0,1
286,0.29729729729729737,1,1.0,0.0,0.0,1
287,0.2567567567567568,1,1.0,0.0,0.0,0
288,0.22972972972972974,1,1.0,0.0,0.0,1
289,0.9324324324324326,1,1.0,0.0,0.0,0
290,0.472972972972973,0,0.0,1.0,0.0,1
291,0.04054054054054054,0,1.0,0.0,0.0,0
292,0.391891891891892,0,1.0,0.0,0.0,0
293,0.33783783783783783,0,0.0,1.0,0.0,0
294,0.5000000000000001,0,1.0,0.0,0.0,1
295,0.391891891891892,0,1.0,0.0,0.0,0
296,0.7972972972972975,1,1.0,0.0,0.0,1
297,0.04054054054054054,1,1.0,0.0,0.0,0
298,0.45945945945945954,0,1.0,0.0,0.0,1
299,0.5000000000000001,0,0.0,1.0,0.0,0
300,0.6486486486486487,1,0.0,0.0,1.0,1
301,0.5135135135135136,1,1.0,0.0,0.0,0
302,0.0,0,0.0,1.0,0.0,0
303,0.013513513513513514,1,1.0,0.0,0.0,1
304,0.05405405405405403,1,1.0,0.0,0.0,0
305,0.6351351351351352,1,0.0,1.0,0.0,1
306,0.7297297297297298,0,1.0,0.0,0.0,0
307,0.3513513513513514,0,0.0,1.0,0.0,0
308,0.013513513513513514,1,0.0,0.0,1.0,1
309,0.29729729729729737,1,1.0,0.0,0.0,1
310,0.12162162162162163,0,0.0,1.0,0.0,0
311,0.0,1,1.0,0.0,0.0,0
312,0.8108108108108109,1,1.0,0.0,0.0,1
313,0.3783783783783784,1,1.0,0.0,0.0,1
314,0.9864864864864865,0,1.0,0.0,0.0,1
315,0.5135135135135136,0,0.0,1.0,0.0,1
316,0.2702702702702703,1,1.0,0.0,0.0,0
317,0.17567567567567569,1,1.0,0.0,0.0,0
318,0.32432432432432434,0,1.0,0.0,0.0,1
319,0.391891891891892,0,0.0,1.0,0.0,1
320,0.41891891891891897,0,1.0,0.0,0.0,1
321,0.22972972972972974,0,1.0,0.0,0.0,0
322,0.472972972972973,0,0.0,1.0,0.0,1
323,0.013513513513513514,1,1.0,0.0,0.0,0
324,0.391891891891892,1,1.0,0.0,0.0,1
325,0.4864864864864865,0,1.0,0.0,0.0,0
326,0.6351351351351352,0,1.0,0.0,0.0,0
327,0.17567567567567569,1,1.0,0.0,0.0,0
328,0.472972972972973,1,1.0,0.0,0.0,1
329,0.7837837837837839,1,0.0,1.0,0.0,1
330,0.6486486486486487,0,1.0,0.0,0.0,0
331,0.22972972972972974,0,1.0,0.0,0.0,1
332,0.13513513513513517,0,1.0,0.0,0.0,1
333,0.33783783783783783,0,1.0,0.0,0.0,0
334,0.2162162162162162,0,1.0,0.0,0.0,0
335,0.0945945945945946,0,1.0,0.0,0.0,0
336,0.43243243243243246,1,1.0,0.0,0.0,1
337,0.7972972972972975,1,1.0,0.0,0.0,1
338,0.32432432432432434,0,1.0,0.0,0.0,0
339,0.7297297297297298,0,1.0,0.0,0.0,0
340,0.3513513513513514,0,1.0,0.0,0.0,0
341,0.3648648648648649,1,0.0,1.0,0.0,1
342,0.04054054054054054,1,1.0,0.0,0.0,0
343,0.013513513513513514,0,1.0,0.0,0.0,0
344,0.4864864864864865,0,0.0,1.0,0.0,1
345,0.391891891891892,0,1.0,0.0,0.0,0
346,0.8783783783783784,1,1.0,0.0,0.0,1
347,0.08108108108108111,1,1.0,0.0,0.0,0
348,0.027027027027027056,0,0.0,0.0,1.0,0
349,0.6891891891891893,0,0.0,1.0,0.0,1
350,0.33783783783783783,0,1.0,0.0,0.0,0
351,0.29729729729729737,0,1.0,0.0,0.0,0
352,0.7567567567567568,0,0.0,0.0,1.0,0
353,0.44594594594594594,0,1.0,0.0,0.0,0
354,0.06756756756756757,0,0.0,1.0,0.0,0
355,0.04054054054054054,0,1.0,0.0,0.0,0
356,0.4054054054054055,0,0.0,0.0,1.0,1
357,0.31081081081081086,1,1.0,0.0,0.0,1
358,0.08108108108108111,0,1.0,0.0,0.0,0
359,0.05405405405405403,1,1.0,0.0,0.0,0
360,0.6351351351351352,0,1.0,0.0,0.0,0
361,0.29729729729729737,0,0.0,1.0,0.0,1
362,0.8513513513513514,0,1.0,0.0,0.0,1
363,0.2837837837837839,1,0.0,1.0,0.0,1
364,0.4054054054054055,1,1.0,0.0,0.0,1
365,0.918918918918919,0,0.0,1.0,0.0,1
366,0.12162162162162163,0,0.0,0.0,1.0,0
367,0.7027027027027027,1,1.0,0.0,0.0,1
368,0.013513513513513514,0,1.0,0.0,0.0,0
369,0.013513513513513514,0,1.0,0.0,0.0,0
370,0.31081081081081086,1,1.0,0.0,0.0,1
371,0.9864864864864865,0,1.0,0.0,0.0,1
372,0.06756756756756757,1,0.0,1.0,0.0,1
373,0.2567567567567568,1,0.0,1.0,0.0,1
374,0.5405405405405406,0,1.0,0.0,0.0,0
375,0.45945945945945954,1,1.0,0.0,0.0,1
376,0.6216216216216217,0,0.0,1.0,0.0,1
377,0.06756756756756757,0,0.0,1.0,0.0,0
378,0.2162162162162162,1,0.0,1.0,0.0,1
379,0.0945945945945946,0,1.0,0.0,0.0,1
380,0.3648648648648649,0,0.0,1.0,0.0,0
381,0.5135135135135136,0,1.0,0.0,0.0,0
382,0.5810810810810811,0,1.0,0.0,0.0,0
383,0.05405405405405403,1,1.0,0.0,0.0,0
384,0.5270270270270271,1,1.0,0.0,0.0,1
385,0.45945945945945954,0,1.0,0.0,0.0,0
386,0.2162162162162162,1,0.0,1.0,0.0,0
387,0.5270270270270271,0,0.0,1.0,0.0,1
388,0.5945945945945946,0,1.0,0.0,0.0,0
389,1.0,0,1.0,0.0,0.0,1
390,0.3648648648648649,1,1.0,0.0,0.0,1
391,0.5000000000000001,1,1.0,0.0,0.0,1
392,0.5135135135135136,0,0.0,1.0,0.0,1
393,0.04054054054054054,0,0.0,1.0,0.0,0
394,0.32432432432432434,0,1.0,0.0,0.0,0
395,0.17567567567567569,0,1.0,0.0,0.0,1
396,0.06756756756756757,0,0.0,0.0,1.0,0
397,0.0,1,1.0,0.0,0.0,1
398,0.6621621621621622,0,1.0,0.0,0.0,0
399,0.7702702702702703,1,1.0,0.0,0.0,1
400,0.43243243243243246,1,1.0,0.0,0.0,1
401,0.3513513513513514,0,0.0,1.0,0.0,1
402,0.7837837837837839,0,0.0,1.0,0.0,1
403,0.472972972972973,0,0.0,1.0,0.0,1
404,0.7972972972972975,0,1.0,0.0,0.0,0
405,0.8513513513513514,1,1.0,0.0,0.0,0
406,0.32432432432432434,0,0.0,1.0,0.0,1
407,0.6486486486486487,0,0.0,1.0,0.0,1
408,0.45945945945945954,1,1.0,0.0,0.0,1
409,0.14864864864864866,1,1.0,0.0,0.0,0
410,0.7972972972972975,0,1.0,0.0,0.0,0
411,0.5540540540540541,0,1.0,0.0,0.0,0
412,0.4864864864864865,0,1.0,0.0,0.0,0
413,0.14864864864864866,1,1.0,0.0,0.0,0
414,0.027027027027027056,1,1.0,0.0,0.0,0
415,0.2567567567567568,0,1.0,0.0,0.0,0
416,0.7027027027027027,0,0.0,1.0,0.0,1
417,0.18918918918918923,0,1.0,0.0,0.0,0
418,0.8243243243243245,0,1.0,0.0,0.0,1
419,0.391891891891892,0,1.0,0.0,0.0,0
420,0.12162162162162163,0,1.0,0.0,0.0,0
421,0.44594594594594594,1,0.0,1.0,0.0,1
422,0.05405405405405403,1,1.0,0.0,0.0,0
423,0.5270270270270271,0,1.0,0.0,0.0,0
424,0.7972972972972975,0,1.0,0.0,0.0,1
425,0.29729729729729737,1,0.0,1.0,0.0,1
426,0.22972972972972974,0,1.0,0.0,0.0,0
427,0.41891891891891897,1,1.0,0.0,0.0,1
428,0.6756756756756758,0,1.0,0.0,0.0,0
429,0.3513513513513514,1,1.0,0.0,0.0,0
430,0.0945945945945946,0,1.0,0.0,0.0,0
431,0.5540540540540541,0,0.0,1.0,0.0,1
432,0.22972972972972974,1,1.0,0.0,0.0,0
433,0.6756756756756758,1,1.0,0.0,0.0,1
434,0.013513513513513514,0,1.0,0.0,0.0,0
435,0.5945945945945946,0,1.0,0.0,0.0,0
436,0.43243243243243246,0,1.0,0.0,0.0,0
437,0.5000000000000001,0,1.0,0.0,0.0,0
438,0.2702702702702703,0,1.0,0.0,0.0,0
439,0.3513513513513514,0,0.0,1.0,0.0,1
440,0.472972972972973,0,0.0,0.0,1.0,1
441,0.45945945945945954,1,1.0,0.0,0.0,1
442,0.6081081081081082,1,1.0,0.0,0.0,1
443,0.45945945945945954,0,0.0,1.0,0.0,1
444,0.6621621621621622,1,1.0,0.0,0.0,1
445,0.5000000000000001,1,1.0,0.0,0.0,1
446,0.7162162162162163,0,0.0,1.0,0.0,1
447,0.3648648648648649,1,1.0,0.0,0.0,1
448,0.7162162162162163,1,1.0,0.0,0.0,1
449,0.41891891891891897,0,1.0,0.0,0.0,1
450,0.5675675675675677,1,1.0,0.0,0.0,1
451,0.5000000000000001,0,1.0,0.0,0.0,0
452,0.013513513513513514,1,1.0,0.0,0.0,1
453,0.027027027027027056,1,1.0,0.0,0.0,0
454,0.027027027027027056,1,1.0,0.0,0.0,0
455,0.2567567567567568,0,1.0,0.0,0.0,0
456,0.13513513513513517,0,0.0,0.0,1.0,1
457,0.013513513513513514,1,1.0,0.0,0.0,0
458,0.5540540540540541,0,0.0,1.0,0.0,1
459,0.013513513513513514,1,1.0,0.0,0.0,0
460,0.2567567567567568,1,1.0,0.0,0.0,1
461,0.4054054054054055,0,1.0,0.0,0.0,0
462,0.472972972972973,0,1.0,0.0,0.0,0
463,0.5270270270270271,0,0.0,1.0,0.0,1
464,0.24324324324324328,0,1.0,0.0,0.0,0
465,0.16216216216216214,1,1.0,0.0,0.0,0
466,0.20270270270270271,0,1.0,0.0,0.0,0
467,0.7432432432432433,0,0.0,1.0,0.0,1
468,0.7297297297297298,0,1.0,0.0,0.0,0
469,0.43243243243243246,0,1.0,0.0,0.0,0
470,0.8108108108108109,0,1.0,0.0,0.0,1
471,0.05405405405405403,0,0.0,1.0,0.0,0
472,0.16216216216216214,1,0.0,1.0,0.0,1
473,0.4054054054054055,1,1.0,0.0,0.0,1
474,0.027027027027027056,1,1.0,0.0,0.0,0
475,0.6216216216216217,1,0.0,0.0,1.0,1
476,0.0945945945945946,0,1.0,0.0,0.0,1
477,0.6621621621621622,1,1.0,0.0,0.0,1
478,0.08108108108108111,0,1.0,0.0,0.0,0
479,0.3783783783783784,1,1.0,0.0,0.0,1
480,0.17567567567567569,0,1.0,0.0,0.0,0
481,0.7432432432432433,1,0.0,1.0,0.0,1
482,0.8378378378378378,0,0.0,1.0,0.0,1
483,0.391891891891892,0,1.0,0.0,0.0,0
484,0.7027027027027027,1,0.0,1.0,0.0,0
485,0.5135135135135136,1,0.0,0.0,1.0,1
486,0.13513513513513517,1,1.0,0.0,0.0,0
487,0.10810810810810809,1,0.0,1.0,0.0,0
488,0.2837837837837839,1,1.0,0.0,0.0,1
489,0.29729729729729737,1,1.0,0.0,0.0,1
490,0.7972972972972975,0,1.0,0.0,0.0,1
491,0.22972972972972974,0,0.0,1.0,0.0,1
492,0.472972972972973,1,0.0,1.0,0.0,1
493,0.5405405405405406,1,1.0,0.0,0.0,1
494,0.08108108108108111,1,1.0,0.0,0.0,0
495,0.7297297297297298,1,1.0,0.0,0.0,1
496,0.5540540540540541,0,1.0,0.0,0.0,0
497,0.0,1,1.0,0.0,0.0,1
498,0.4054054054054055,1,0.0,1.0,0.0,1
499,0.32432432432432434,0,0.0,1.0,0.0,1
500,0.5675675675675677,0,1.0,0.0,0.0,0
501,0.027027027027027056,0,1.0,0.0,0.0,0
502,0.013513513513513514,1,1.0,0.0,0.0,0
503,0.4864864864864865,0,1.0,0.0,0.0,1
504,0.3648648648648649,0,1.0,0.0,0.0,0
505,0.2162162162162162,0,1.0,0.0,0.0,0
506,0.14864864864864866,0,0.0,1.0,0.0,0
507,0.8243243243243245,0,1.0,0.0,0.0,1
508,0.17567567567567569,1,0.0,1.0,0.0,1
509,0.45945945945945954,0,1.0,0.0,0.0,0
510,0.29729729729729737,1,1.0,0.0,0.0,1
511,0.8513513513513514,1,1.0,0.0,0.0,1
512,0.31081081081081086,0,1.0,0.0,0.0,0
513,0.4864864864864865,1,0.0,1.0,0.0,1
514,0.14864864864864866,0,1.0,0.0,0.0,0
515,0.9459459459459459,1,1.0,0.0,0.0,1
516,0.2567567567567568,1,1.0,0.0,0.0,1
517,0.04054054054054054,1,1.0,0.0,0.0,0
518,0.2702702702702703,0,0.0,1.0,0.0,1
519,0.5135135135135136,0,0.0,0.0,1.0,1
520,0.7432432432432433,0,0.0,1.0,0.0,0
521,0.5135135135135136,1,1.0,0.0,0.0,1
522,0.2567567567567568,0,0.0,1.0,0.0,0
523,0.22972972972972974,0,1.0,0.0,0.0,0
524,0.32432432432432434,0,1.0,0.0,0.0,0
525,0.0,1,1.0,0.0,0.0,0
526,0.17567567567567569,0,1.0,0.0,0.0,0
527,0.0,0,1.0,0.0,0.0,0
528,0.891891891891892,1,1.0,0.0,0.0,1
529,0.391891891891892,1,0.0,0.0,1.0,1
530,0.5675675675675677,1,1.0,0.0,0.0,1
531,0.013513513513513514,0,0.0,1.0,0.0,0
532,0.14864864864864866,0,1.0,0.0,0.0,0
533,0.12162162162162163,0,0.0,1.0,0.0,0
534,0.2162162162162162,1,1.0,0.0,0.0,1
535,0.05405405405405403,0,1.0,0.0,0.0,0
536,0.5135135135135136,1,0.0,1.0,0.0,1
537,0.6891891891891893,0,0.0,1.0,0.0,1
538,0.16216216216216214,1,1.0,0.0,0.0,0
539,0.20270270270270271,0,1.0,0.0,0.0,0
540,0.5405405405405406,0,0.0,1.0,0.0,1
541,0.6216216216216217,1,1.0,0.0,0.0,1
542,0.4054054054054055,1,0.0,1.0,0.0,1
543,0.18918918918918923,1,1.0,0.0,0.0,1
544,0.13513513513513517,1,0.0,1.0,0.0,1
545,0.013513513513513514,1,0.0,1.0,0.0,1
546,0.45945945945945954,1,1.0,0.0,0.0,1
547,0.0,0,1.0,0.0,0.0,0
548,0.41891891891891897,0,1.0,0.0,0.0,0
549,0.10810810810810809,0,1.0,0.0,0.0,0
550,0.33783783783783783,1,0.0,1.0,0.0,1
551,0.33783783783783783,1,1.0,0.0,0.0,1
552,0.43243243243243246,0,1.0,0.0,0.0,0
553,0.4054054054054055,0,0.0,1.0,0.0,1
554,0.3783783783783784,1,0.0,1.0,0.0,1
555,0.43243243243243246,1,1.0,0.0,0.0,0
556,0.22972972972972974,0,1.0,0.0,0.0,1
557,0.29729729729729737,1,1.0,0.0,0.0,1
558,0.16216216216216214,1,1.0,0.0,0.0,1
559,0.20270270270270271,1,0.0,1.0,0.0,0
560,0.10810810810810809,0,0.0,1.0,0.0,0
561,0.05405405405405403,0,1.0,0.0,0.0,0
562,0.5405405405405406,1,0.0,1.0,0.0,1
563,0.6351351351351352,1,1.0,0.0,0.0,1
564,0.45945945945945954,1,0.0,1.0,0.0,1
565,0.0945945945945946,0,1.0,0.0,0.0,0
566,0.5810810810810811,0,1.0,0.0,0.0,0
567,0.24324324324324328,0,1.0,0.0,0.0,0
568,0.5000000000000001,0,1.0,0.0,0.0,0
569,0.5135135135135136,1,0.0,1.0,0.0,1
570,0.31081081081081086,0,0.0,1.0,0.0,0
571,0.3513513513513514,0,0.0,1.0,0.0,1
572,1.0,0,1.0,0.0,0.0,1
573,0.31081081081081086,1,0.0,1.0,0.0,0
574,0.45945945945945954,0,0.0,1.0,0.0,0
575,0.391891891891892,1,1.0,0.0,0.0,1
576,0.7972972972972975,1,0.0,1.0,0.0,1
577,0.5000000000000001,0,0.0,1.0,0.0,1
578,0.0,1,1.0,0.0,0.0,0
579,0.05405405405405403,1,0.0,0.0,1.0,1
580,0.013513513513513514,1,1.0,0.0,0.0,0
581,0.04054054054054054,1,1.0,0.0,0.0,0
582,0.13513513513513517,0,0.0,1.0,0.0,0
583,0.14864864864864866,0,1.0,0.0,0.0,0
584,0.3648648648648649,1,1.0,0.0,0.0,1
585,0.05405405405405403,0,1.0,0.0,0.0,0
586,0.20270270270270271,0,0.0,1.0,0.0,1
587,0.2702702702702703,1,0.0,1.0,0.0,1
588,0.013513513513513514,0,0.0,1.0,0.0,1
589,0.9729729729729731,1,1.0,0.0,0.0,1
590,0.32432432432432434,0,1.0,0.0,0.0,0
591,0.7432432432432433,0,0.0,1.0,0.0,0
592,0.16216216216216214,1,0.0,0.0,1.0,1
593,0.391891891891892,0,1.0,0.0,0.0,0
594,0.5945945945945946,1,0.0,1.0,0.0,1
595,0.04054054054054054,0,1.0,0.0,0.0,0
596,0.3783783783783784,0,1.0,0.0,0.0,0
597,0.6081081081081082,1,1.0,0.0,0.0,1
598,0.45945945945945954,0,1.0,0.0,0.0,1
599,0.7702702702702703,1,1.0,0.0,0.0,0
600,0.41891891891891897,0,1.0,0.0,0.0,1
601,0.14864864864864866,0,0.0,1.0,0.0,0
602,0.391891891891892,1,1.0,0.0,0.0,1
603,0.20270270270270271,1,1.0,0.0,0.0,1
604,0.4864864864864865,1,0.0,1.0,0.0,1
605,0.5405405405405406,0,1.0,0.0,0.0,0
606,0.06756756756756757,0,0.0,1.0,0.0,1
607,0.43243243243243246,0,1.0,0.0,0.0,0
608,0.6216216216216217,0,1.0,0.0,0.0,1
609,0.9864864864864865,0,1.0,0.0,0.0,1
610,0.5405405405405406,0,0.0,0.0,1.0,1
611,0.14864864864864866,1,1.0,0.0,0.0,0
612,0.0,1,0.0,1.0,0.0,0
613,0.44594594594594594,0,0.0,1.0,0.0,0
614,0.45945945945945954,0,1.0,0.0,0.0,0
615,0.7702702702702703,1,1.0,0.0,0.0,1
616,0.7567567567567568,1,1.0,0.0,0.0,1
617,0.472972972972973,0,0.0,1.0,0.0,0
618,0.472972972972973,1,1.0,0.0,0.0,1
619,0.027027027027027056,0,1.0,0.0,0.0,0
620,0.5000000000000001,0,0.0,1.0,0.0,1
621,0.12162162162162163,0,1.0,0.0,0.0,0
622,0.10810810810810809,1,0.0,0.0,1.0,0
623,0.33783783783783783,0,1.0,0.0,0.0,0
624,0.8243243243243245,1,0.0,1.0,0.0,1
625,0.22972972972972974,0,1.0,0.0,0.0,0
626,0.027027027027027056,1,1.0,0.0,0.0,1
627,0.13513513513513517,1,0.0,1.0,0.0,1
628,0.864864864864865,0,1.0,0.0,0.0,0
629,0.20270270270270271,1,0.0,0.0,1.0,1
630,0.7162162162162163,0,0.0,1.0,0.0,0
631,0.08108108108108111,1,1.0,0.0,0.0,1
632,0.0,1,1.0,0.0,0.0,0
633,0.027027027027027056,0,0.0,1.0,0.0,0
634,0.33783783783783783,1,1.0,0.0,0.0,1
635,0.13513513513513517,1,1.0,0.0,0.0,0
636,0.5405405405405406,1,1.0,0.0,0.0,1
637,0.5405405405405406,0,1.0,0.0,0.0,0
638,0.6756756756756758,0,0.0,1.0,0.0,0
639,0.6216216216216217,1,0.0,0.0,1.0,1
640,0.31081081081081086,1,1.0,0.0,0.0,1
641,0.05405405405405403,0,0.0,1.0,0.0,0
642,0.5540540540540541,1,1.0,0.0,0.0,1
643,0.08108108108108111,0,0.0,1.0,0.0,0
644,0.7972972972972975,0,1.0,0.0,0.0,1
645,0.7567567567567568,1,0.0,1.0,0.0,0
646,0.31081081081081086,1,0.0,1.0,0.0,1
647,0.2162162162162162,0,1.0,0.0,0.0,0
648,0.5000000000000001,0,1.0,0.0,0.0,0
649,0.0,1,1.0,0.0,0.0,0
650,0.45945945945945954,0,0.0,1.0,0.0,1
651,0.41891891891891897,1,1.0,0.0,0.0,0
652,0.3513513513513514,0,1.0,0.0,0.0,0
653,0.2567567567567568,0,1.0,0.0,0.0,1
654,0.06756756756756757,1,1.0,0.0,0.0,0
655,0.6081081081081082,0,1.0,0.0,0.0,1
656,0.3513513513513514,0,1.0,0.0,0.0,0
657,0.33783783783783783,1,1.0,0.0,0.0,0
658,0.06756756756756757,0,0.0,1.0,0.0,0
659,0.6351351351351352,0,1.0,0.0,0.0,1
660,0.22972972972972974,0,0.0,0.0,1.0,0
661,0.33783783783783783,1,1.0,0.0,0.0,1
662,0.027027027027027056,1,0.0,1.0,0.0,1
663,0.2567567567567568,0,1.0,0.0,0.0,0
664,0.29729729729729737,0,1.0,0.0,0.0,0
665,0.891891891891892,0,1.0,0.0,0.0,1
666,0.14864864864864866,1,1.0,0.0,0.0,0
667,0.6891891891891893,0,0.0,1.0,0.0,1
668,0.41891891891891897,0,1.0,0.0,0.0,1
669,0.5810810810810811,1,1.0,0.0,0.0,1
670,0.7972972972972975,0,1.0,0.0,0.0,1
671,0.44594594594594594,1,0.0,0.0,1.0,1
672,0.05405405405405403,1,1.0,0.0,0.0,0
673,0.391891891891892,1,1.0,0.0,0.0,0
674,0.24324324324324328,1,1.0,0.0,0.0,0
675,0.13513513513513517,0,0.0,0.0,1.0,0
676,0.29729729729729737,0,1.0,0.0,0.0,0
677,0.5945945945945946,0,1.0,0.0,0.0,1
678,0.04054054054054054,1,1.0,0.0,0.0,0
679,0.06756756756756757,1,1.0,0.0,0.0,0
680,0.4864864864864865,1,1.0,0.0,0.0,1
681,0.04054054054054054,0,0.0,1.0,0.0,0
682,0.22972972972972974,0,1.0,0.0,0.0,0
683,0.472972972972973,0,1.0,0.0,0.0,1
684,0.2567567567567568,0,1.0,0.0,0.0,0
685,0.472972972972973,1,1.0,0.0,0.0,1
686,0.14864864864864866,0,1.0,0.0,0.0,0
687,0.31081081081081086,0,1.0,0.0,0.0,1
688,0.20270270270270271,0,1.0,0.0,0.0,1
689,0.013513513513513514,1,1.0,0.0,0.0,0
690,0.06756756756756757,1,0.0,0.0,1.0,1
691,0.864864864864865,0,1.0,0.0,0.0,0
692,0.472972972972973,1,0.0,1.0,0.0,1
693,0.7972972972972975,1,1.0,0.0,0.0,1
694,0.3513513513513514,0,1.0,0.0,0.0,1
695,0.08108108108108111,0,1.0,0.0,0.0,0
696,0.22972972972972974,0,1.0,0.0,0.0,0
697,0.2837837837837839,1,1.0,0.0,0.0,0
698,0.2162162162162162,1,1.0,0.0,0.0,1
699,0.41891891891891897,0,0.0,1.0,0.0,1
700,0.32432432432432434,0,0.0,1.0,0.0,1
701,0.8243243243243245,0,1.0,0.0,0.0,1
702,0.45945945945945954,1,1.0,0.0,0.0,0
703,0.33783783783783783,0,1.0,0.0,0.0,0
704,0.7432432432432433,0,0.0,1.0,0.0,1
705,0.04054054054054054,1,0.0,1.0,0.0,0
706,0.7027027027027027,0,0.0,1.0,0.0,1
707,0.2702702702702703,0,0.0,1.0,0.0,1
708,0.3783783783783784,1,1.0,0.0,0.0,1
709,0.8108108108108109,1,1.0,0.0,0.0,1
710,0.8378378378378378,0,1.0,0.0,0.0,0
711,0.5270270270270271,0,1.0,0.0,0.0,0
712,0.3648648648648649,0,1.0,0.0,0.0,0
713,0.17567567567567569,0,0.0,1.0,0.0,0
714,0.44594594594594594,1,0.0,1.0,0.0,0
715,0.5405405405405406,0,0.0,1.0,0.0,1
716,0.33783783783783783,0,1.0,0.0,0.0,1
717,0.6351351351351352,1,0.0,1.0,0.0,1
718,0.44594594594594594,1,0.0,1.0,0.0,1
719,0.14864864864864866,0,0.0,1.0,0.0,0
720,0.44594594594594594,0,0.0,1.0,0.0,1
721,0.32432432432432434,1,1.0,0.0,0.0,1
722,0.6351351351351352,1,1.0,0.0,0.0,1
723,0.864864864864865,1,1.0,0.0,0.0,1
724,0.41891891891891897,1,0.0,1.0,0.0,1
725,0.9054054054054054,0,1.0,0.0,0.0,0
726,0.16216216216216214,0,1.0,0.0,0.0,0
727,0.12162162162162163,0,0.0,1.0,0.0,0
728,0.33783783783783783,1,1.0,0.0,0.0,1
729,0.31081081081081086,1,1.0,0.0,0.0,1
730,0.8378378378378378,0,1.0,0.0,0.0,0
731,0.7162162162162163,0,1.0,0.0,0.0,1
732,0.45945945945945954,0,0.0,0.0,1.0,1
733,0.0945945945945946,1,0.0,0.0,1.0,1
734,0.0,1,1.0,0.0,0.0,0
735,0.0,0,1.0,0.0,0.0,0
736,0.013513513513513514,0,1.0,0.0,0.0,0
737,0.3783783783783784,0,1.0,0.0,0.0,0
738,0.45945945945945954,0,0.0,1.0,0.0,1
739,0.0,0,1.0,0.0,0.0,0
740,0.7702702702702703,1,1.0,0.0,0.0,1
741,0.24324324324324328,1,1.0,0.0,0.0,1
742,0.027027027027027056,0,0.0,1.0,0.0,0
743,0.0945945945945946,0,1.0,0.0,0.0,0
744,0.5540540540540541,0,1.0,0.0,0.0,0
745,0.3783783783783784,1,1.0,0.0,0.0,1
746,0.3513513513513514,1,1.0,0.0,0.0,1
747,0.7972972972972975,1,0.0,1.0,0.0,1
748,0.5540540540540541,1,0.0,1.0,0.0,0
749,0.2162162162162162,0,0.0,0.0,1.0,0
750,0.864864864864865,0,0.0,1.0,0.0,1
751,0.04054054054054054,1,1.0,0.0,0.0,0
752,0.472972972972973,0,0.0,1.0,0.0,1
753,0.06756756756756757,0,0.0,1.0,0.0,0
754,0.013513513513513514,1,1.0,0.0,0.0,0
755,0.6486486486486487,0,0.0,1.0,0.0,1
756,0.0,1,1.0,0.0,0.0,0
757,0.16216216216216214,1,1.0,0.0,0.0,0
758,0.7432432432432433,1,1.0,0.0,0.0,1
759,0.29729729729729737,0,0.0,1.0,0.0,1
760,0.2162162162162162,0,0.0,0.0,1.0,1
761,0.472972972972973,0,1.0,0.0,0.0,0
762,0.6081081081081082,0,1.0,0.0,0.0,0
763,0.0,0,1.0,0.0,0.0,0
764,0.17567567567567569,1,1.0,0.0,0.0,0
765,0.17567567567567569,1,1.0,0.0,0.0,0
766,0.5675675675675677,1,0.0,1.0,0.0,1
767,0.31081081081081086,1,0.0,1.0,0.0,1
768,0.12162162162162163,0,1.0,0.0,0.0,0
769,0.45945945945945954,1,1.0,0.0,0.0,1
770,0.5675675675675677,0,1.0,0.0,0.0,0
771,0.17567567567567569,0,1.0,0.0,0.0,0
772,0.5000000000000001,0,0.0,1.0,0.0,1
773,0.29729729729729737,0,1.0,0.0,0.0,0
774,0.2702702702702703,0,1.0,0.0,0.0,0
775,0.2702702702702703,1,0.0,0.0,1.0,1
776,0.3513513513513514,1,0.0,1.0,0.0,0
777,0.33783783783783783,0,0.0,1.0,0.0,1
778,0.2567567567567568,0,1.0,0.0,0.0,0
779,0.3513513513513514,0,0.0,1.0,0.0,1
780,0.17567567567567569,1,1.0,0.0,0.0,0
781,0.2837837837837839,1,1.0,0.0,0.0,1
782,0.6756756756756758,1,1.0,0.0,0.0,1
783,0.013513513513513514,0,1.0,0.0,0.0,0
784,0.7297297297297298,0,0.0,1.0,0.0,1
785,0.3783783783783784,0,0.0,0.0,1.0,1
786,0.5675675675675677,1,1.0,0.0,0.0,1
787,0.29729729729729737,1,1.0,0.0,0.0,1
788,0.32432432432432434,0,1.0,0.0,0.0,0
789,0.7162162162162163,0,0.0,1.0,0.0,1
790,0.18918918918918923,0,0.0,1.0,0.0,1
791,1.0,0,1.0,0.0,0.0,1
792,0.5675675675675677,0,1.0,0.0,0.0,0
793,0.4054054054054055,0,1.0,0.0,0.0,0
794,0.5270270270270271,1,1.0,0.0,0.0,1
795,0.3648648648648649,0,0.0,1.0,0.0,0
796,0.8243243243243245,0,1.0,0.0,0.0,1
797,0.24324324324324328,1,1.0,0.0,0.0,1
798,0.13513513513513517,0,1.0,0.0,0.0,1
799,0.5405405405405406,0,0.0,1.0,0.0,1
800,0.05405405405405403,0,1.0,0.0,0.0,0
801,0.4864864864864865,0,1.0,0.0,0.0,0
802,0.9864864864864865,1,1.0,0.0,0.0,0
803,0.20270270270270271,0,1.0,0.0,0.0,1
804,0.32432432432432434,1,0.0,1.0,0.0,1
805,0.4054054054054055,1,1.0,0.0,0.0,1
806,0.9864864864864865,0,1.0,0.0,0.0,1
807,0.7432432432432433,0,0.0,1.0,0.0,1
808,0.33783783783783783,0,0.0,1.0,0.0,0
809,0.5675675675675677,0,0.0,0.0,1.0,1
810,0.16216216216216214,1,0.0,1.0,0.0,0
811,0.29729729729729737,0,1.0,0.0,0.0,0
812,0.32432432432432434,1,0.0,0.0,1.0,0
813,0.14864864864864866,1,0.0,1.0,0.0,1
814,0.7432432432432433,1,1.0,0.0,0.0,1
815,0.3783783783783784,1,0.0,0.0,1.0,0
816,0.12162162162162163,1,1.0,0.0,0.0,0
817,0.16216216216216214,1,1.0,0.0,0.0,0
818,0.14864864864864866,1,1.0,0.0,0.0,0
819,0.05405405405405403,0,1.0,0.0,0.0,1
820,0.31081081081081086,0,1.0,0.0,0.0,0
821,0.918918918918919,0,1.0,0.0,0.0,0
822,0.44594594594594594,1,1.0,0.0,0.0,0
823,0.05405405405405403,0,1.0,0.0,0.0,0
824,0.5810810810810811,1,1.0,0.0,0.0,1
825,0.7972972972972975,1,0.0,1.0,0.0,0
826,0.9054054054054054,1,1.0,0.0,0.0,1
827,0.43243243243243246,1,1.0,0.0,0.0,1
828,0.29729729729729737,1,0.0,1.0,0.0,1
829,0.0,0,1.0,0.0,0.0,0
830,0.5000000000000001,1,1.0,0.0,0.0,1
831,0.6351351351351352,0,0.0,1.0,0.0,0
832,0.20270270270270271,0,0.0,1.0,0.0,0
833,0.24324324324324328,0,0.0,1.0,0.0,0
834,0.22972972972972974,0,0.0,1.0,0.0,0
835,0.2162162162162162,1,1.0,0.0,0.0,1
836,0.06756756756756757,0,1.0,0.0,0.0,0
837,0.7567567567567568,1,0.0,0.0,1.0,1
838,0.29729729729729737,0,1.0,0.0,0.0,0
839,0.4054054054054055,1,0.0,1.0,0.0,1
840,0.12162162162162163,1,1.0,0.0,0.0,0
841,0.6756756756756758,0,0.0,1.0,0.0,1
842,0.472972972972973,0,1.0,0.0,0.0,0
843,0.08108108108108111,1,1.0,0.0,0.0,0
844,0.5945945945945946,1,0.0,1.0,0.0,1
845,0.5135135135135136,1,1.0,0.0,0.0,0
846,0.7297297297297298,0,0.0,0.0,1.0,1
847,0.33783783783783783,1,1.0,0.0,0.0,0
848,0.33783783783783783,0,1.0,0.0,0.0,0
849,0.7027027027027027,1,0.0,1.0,0.0,1
850,0.22972972972972974,0,0.0,1.0,0.0,0
851,0.04054054054054054,1,1.0,0.0,0.0,0
852,0.9324324324324326,0,1.0,0.0,0.0,1
853,0.3648648648648649,0,0.0,0.0,1.0,1
854,0.891891891891892,1,0.0,1.0,0.0,1
855,0.10810810810810809,0,1.0,0.0,0.0,0
856,0.3783783783783784,0,0.0,1.0,0.0,1
857,0.027027027027027056,0,1.0,0.0,0.0,0
858,0.3783783783783784,0,1.0,0.0,0.0,1
859,0.3513513513513514,1,1.0,0.0,0.0,1
860,0.18918918918918923,0,1.0,0.0,0.0,0
861,0.9864864864864865,1,0.0,1.0,0.0,1
862,0.04054054054054054,0,1.0,0.0,0.0,0
863,0.5270270270270271,0,1.0,0.0,0.0,0
864,0.5945945945945946,1,1.0,0.0,0.0,1
865,0.04054054054054054,0,1.0,0.0,0.0,0
866,0.10810810810810809,1,1.0,0.0,0.0,0
867,0.3783783783783784,0,0.0,1.0,0.0,1
868,0.2837837837837839,1,1.0,0.0,0.0,1
869,0.2702702702702703,0,0.0,0.0,1.0,1
870,0.3648648648648649,0,1.0,0.0,0.0,0
871,0.45945945945945954,0,1.0,0.0,0.0,0
872,0.13513513513513517,0,1.0,0.0,0.0,0
873,0.33783783783783783,1,0.0,1.0,0.0,1
874,0.2702702702702703,0,1.0,0.0,0.0,0
875,0.04054054054054054,0,0.0,1.0,0.0,0
876,0.5135135135135136,1,1.0,0.0,0.0,0
877,0.6351351351351352,0,1.0,0.0,0.0,0
878,0.5270270270270271,0,1.0,0.0,0.0,0
879,0.6621621621621622,1,0.0,1.0,0.0,1
880,0.7027027027027027,1,1.0,0.0,0.0,1
881,0.9729729729729731,0,0.0,1.0,0.0,1
882,0.32432432432432434,0,1.0,0.0,0.0,1
883,0.41891891891891897,0,1.0,0.0,0.0,0
884,0.2837837837837839,0,1.0,0.0,0.0,0
885,0.2837837837837839,0,0.0,1.0,0.0,1
886,0.6756756756756758,0,0.0,1.0,0.0,1
887,0.9459459459459459,0,0.0,0.0,1.0,1
888,0.16216216216216214,0,0.0,1.0,0.0,0
889,0.45945945945945954,1,1.0,0.0,0.0,1
890,0.18918918918918923,0,1.0,0.0,0.0,0
891,0.22972972972972974,1,1.0,0.0,0.0,1
892,0.20270270270270271,0,1.0,0.0,0.0,0
893,0.12162162162162163,1,0.0,0.0,1.0,0
894,0.6486486486486487,0,1.0,0.0,0.0,0
895,0.3513513513513514,0,1.0,0.0,0.0,0
896,0.3783783783783784,1,1.0,0.0,0.0,1
897,0.5405405405405406,1,0.0,1.0,0.0,0
898,0.22972972972972974,0,1.0,0.0,0.0,1
899,0.013513513513513514,1,1.0,0.0,0.0,1
900,0.7162162162162163,1,0.0,1.0,0.0,0
901,0.7837837837837839,1,1.0,0.0,0.0,1
902,0.391891891891892,1,1.0,0.0,0.0,0
903,0.0945945945945946,0,1.0,0.0,0.0,0
904,0.472972972972973,0,1.0,0.0,0.0,0
905,0.41891891891891897,1,0.0,1.0,0.0,0
906,0.13513513513513517,1,0.0,1.0,0.0,1
907,0.10810810810810809,0,1.0,0.0,0.0,1
908,0.12162162162162163,0,1.0,0.0,0.0,0
909,0.5405405405405406,0,0.0,1.0,0.0,1
910,0.6621621621621622,1,1.0,0.0,0.0,1
911,0.43243243243243246,0,1.0,0.0,0.0,0
912,0.5135135135135136,1,1.0,0.0,0.0,0
913,0.0945945945945946,1,0.0,1.0,0.0,1
914,0.6216216216216217,1,0.0,1.0,0.0,0
915,0.472972972972973,1,1.0,0.0,0.0,1
916,0.10810810810810809,0,0.0,1.0,0.0,0
917,0.17567567567567569,1,1.0,0.0,0.0,0
918,0.6216216216216217,0,0.0,0.0,1.0,1
919,0.7972972972972975,1,1.0,0.0,0.0,1
920,0.7027027027027027,1,0.0,0.0,1.0,1
921,0.3513513513513514,1,0.0,1.0,0.0,1
922,0.33783783783783783,0,1.0,0.0,0.0,0
923,0.45945945945945954,0,1.0,0.0,0.0,0
924,0.3648648648648649,0,1.0,0.0,0.0,0
925,0.45945945945945954,0,1.0,0.0,0.0,0
926,0.17567567567567569,0,1.0,0.0,0.0,0
927,0.41891891891891897,0,0.0,0.0,1.0,1
928,0.14864864864864866,1,1.0,0.0,0.0,1
929,0.44594594594594594,0,1.0,0.0,0.0,1
930,0.10810810810810809,0,1.0,0.0,0.0,0
931,0.5270270270270271,0,0.0,1.0,0.0,1
932,0.0,1,1.0,0.0,0.0,1
933,0.5675675675675677,1,1.0,0.0,0.0,1
934,0.7162162162162163,1,0.0,1.0,0.0,1
935,0.3783783783783784,0,0.0,1.0,0.0,1
936,0.3513513513513514,0,0.0,1.0,0.0,1
937,0.44594594594594594,0,1.0,0.0,0.0,0
938,0.391891891891892,0,0.0,1.0,0.0,1
939,0.10810810810810809,1,1.0,0.0,0.0,0
940,0.3513513513513514,0,1.0,0.0,0.0,0
941,0.16216216216216214,0,0.0,1.0,0.0,0
942,0.43243243243243246,0,1.0,0.0,0.0,0
943,0.3513513513513514,1,0.0,1.0,0.0,1
944,0.24324324324324328,0,0.0,1.0,0.0,1
945,0.027027027027027056,0,1.0,0.0,0.0,0
946,0.7972972972972975,0,0.0,1.0,0.0,1
947,0.4864864864864865,1,1.0,0.0,0.0,0
948,0.6351351351351352,1,1.0,0.0,0.0,1
949,0.33783783783783783,1,1.0,0.0,0.0,1
950,0.4864864864864865,0,1.0,0.0,0.0,0
951,0.6621621621621622,1,1.0,0.0,0.0,1
952,0.7567567567567568,1,0.0,1.0,0.0,1
953,0.18918918918918923,0,1.0,0.0,0.0,0
954,0.6891891891891893,0,1.0,0.0,0.0,1
955,0.2837837837837839,1,1.0,0.0,0.0,1
956,0.29729729729729737,1,1.0,0.0,0.0,1
957,0.08108108108108111,0,0.0,1.0,0.0,0
958,0.472972972972973,1,0.0,1.0,0.0,1
959,0.2837837837837839,0,1.0,0.0,0.0,0
960,0.864864864864865,0,0.0,1.0,0.0,1
961,0.04054054054054054,0,0.0,1.0,0.0,1
962,0.04054054054054054,1,1.0,0.0,0.0,1
963,0.31081081081081086,0,1.0,0.0,0.0,0
964,0.16216216216216214,0,0.0,1.0,0.0,1
965,0.9864864864864865,0,0.0,1.0,0.0,0
966,0.33783783783783783,1,1.0,0.0,0.0,1
967,0.8513513513513514,0,0.0,0.0,1.0,1
968,0.3513513513513514,0,1.0,0.0,0.0,1
969,0.08108108108108111,0,1.0,0.0,0.0,0
970,0.16216216216216214,1,1.0,0.0,0.0,0
971,0.3648648648648649,1,1.0,0.0,0.0,1
972,0.2702702702702703,0,0.0,1.0,0.0,1
973,0.12162162162162163,0,1.0,0.0,0.0,0
974,0.05405405405405403,0,1.0,0.0,0.0,0
975,0.8513513513513514,1,0.0,0.0,1.0,1
976,0.44594594594594594,0,0.0,1.0,0.0,1
977,0.14864864864864866,1,1.0,0.0,0.0,0
978,0.8783783783783784,0,0.0,1.0,0.0,0
979,0.6351351351351352,0,1.0,0.0,0.0,0
980,0.027027027027027056,0,1.0,0.0,0.0,0
981,0.16216216216216214,1,1.0,0.0,0.0,0
982,0.9054054054054054,0,1.0,0.0,0.0,0
983,0.04054054054054054,0,1.0,0.0,0.0,1
984,0.027027027027027056,0,1.0,0.0,0.0,0
985,0.0945945945945946,1,1.0,0.0,0.0,0
